order_item_id,order_id,product_id,quantity,unit_price,subtotal
1,1,65,3,16.77,50.31
2,1,49,4,147,588
3,1,45,4,400.54,1602.16
4,1,90,1,409.02,409.02
5,1,97,1,426.68,426.68
6,2,92,3,190.19,570.57
7,2,78,2,413,826
8,2,89,4,10.32,41.28
9,2,27,2,88.34,176.68
10,3,83,1,221.74,221.74
11,4,23,1,183.93,183.93
12,4,34,4,42.91,171.64
13,5,13,3,136.98,410.94
14,6,62,3,47.71,143.13
15,6,54,4,349.21,1396.84
16,7,84,4,111.97,447.88
17,7,25,1,357.67,357.67
18,7,10,5,319.9,1599.5
19,7,67,2,100.16,200.32
20,7,11,2,256.57,513.14
21,8,84,3,111.97,335.91
22,8,64,1,55.78,55.78
23,9,34,3,42.91,128.73
24,9,88,2,217.23,434.46
25,10,62,2,47.71,95.42
26,10,71,2,187.86,375.72
27,11,2,3,312.33,936.99
28,11,43,5,340.5,1702.5
29,11,61,3,255.46,766.38
30,12,66,1,146.96,146.96
31,12,28,5,247.58,1237.9
32,12,57,4,499.14,1996.56
33,12,90,5,409.02,2045.1
34,12,22,3,76.41,229.23
35,13,70,2,84.61,169.22
36,13,47,3,141.86,425.58
37,13,66,3,146.96,440.88
38,13,85,4,106.64,426.56
39,13,70,1,84.61,84.61
40,14,94,3,19.69,59.07
41,15,80,4,45.91,183.64
42,15,61,2,255.46,510.92
43,15,74,3,403.75,1211.25
44,16,23,3,183.93,551.79
45,16,67,5,100.16,500.8
46,17,78,1,413,413
47,17,76,4,19.77,79.08
48,18,45,2,400.54,801.08
49,18,51,4,402.95,1611.8
50,19,47,5,141.86,709.3
51,19,30,5,368.75,1843.75
52,19,11,4,256.57,1026.28
53,20,61,5,255.46,1277.3
54,21,4,5,268.05,1340.25
55,21,72,4,55.86,223.44
56,22,94,4,19.69,78.76
57,22,67,3,100.16,300.48
58,22,83,1,221.74,221.74
59,23,12,3,30.92,92.76
60,23,30,5,368.75,1843.75
61,23,10,5,319.9,1599.5
62,23,39,5,219.73,1098.65
63,24,65,1,16.77,16.77
64,24,5,1,385.93,385.93
65,24,28,5,247.58,1237.9
66,25,71,4,187.86,751.44
67,25,63,1,354.62,354.62
68,25,7,4,48.47,193.88
69,26,10,1,319.9,319.9
70,26,37,3,217.5,652.5
71,26,37,4,217.5,870
72,26,82,3,37.13,111.39
73,27,61,2,255.46,510.92
74,28,60,4,421.43,1685.72
75,28,21,2,100.78,201.56
76,28,76,3,19.77,59.31
77,28,93,4,483.5,1934
78,28,3,5,364.18,1820.9
79,29,49,3,147,441
80,29,41,2,454.67,909.34
81,30,74,2,403.75,807.5
82,30,32,2,483.77,967.54
83,30,93,5,483.5,2417.5
84,30,44,3,47.57,142.71
85,31,5,2,385.93,771.86
86,31,52,3,25.25,75.75
87,31,67,2,100.16,200.32
88,31,62,2,47.71,95.42
89,31,25,2,357.67,715.34
90,32,18,1,52.81,52.81
91,32,27,1,88.34,88.34
92,32,22,1,76.41,76.41
93,32,63,1,354.62,354.62
94,32,4,2,268.05,536.1
95,33,79,2,399.16,798.32
96,33,19,1,369.83,369.83
97,34,35,4,381.12,1524.48
98,35,46,2,228.95,457.9
99,36,66,5,146.96,734.8
100,36,49,4,147,588
101,37,92,5,190.19,950.95
102,37,14,2,240.71,481.42
103,37,2,2,312.33,624.66
104,38,21,5,100.78,503.9
105,39,94,3,19.69,59.07
106,39,52,3,25.25,75.75
107,39,61,4,255.46,1021.84
108,39,97,1,426.68,426.68
109,40,88,3,217.23,651.69
110,40,98,4,183.42,733.68
111,40,70,3,84.61,253.83
112,41,71,1,187.86,187.86
113,41,8,4,150.19,600.76
114,41,37,2,217.5,435
115,41,60,4,421.43,1685.72
116,42,88,1,217.23,217.23
117,42,98,1,183.42,183.42
118,42,15,1,313.97,313.97
119,42,82,2,37.13,74.26
120,42,79,3,399.16,1197.48
121,43,48,2,131.55,263.1
122,44,13,1,136.98,136.98
123,44,67,3,100.16,300.48
124,45,23,3,183.93,551.79
125,45,42,3,191.33,573.99
126,45,79,5,399.16,1995.8
127,46,46,1,228.95,228.95
128,46,15,1,313.97,313.97
129,47,56,1,295.16,295.16
130,47,3,5,364.18,1820.9
131,47,25,2,357.67,715.34
132,47,73,5,62.76,313.8
133,48,87,2,490.81,981.62
134,48,71,2,187.86,375.72
135,48,80,4,45.91,183.64
136,48,85,4,106.64,426.56
137,49,13,4,136.98,547.92
138,49,62,2,47.71,95.42
139,49,52,3,25.25,75.75
140,49,10,3,319.9,959.7
141,50,3,3,364.18,1092.54
142,50,24,3,58.3,174.9
143,50,63,5,354.62,1773.1
144,50,37,1,217.5,217.5
145,51,76,2,19.77,39.54
146,51,29,2,105.64,211.28
147,52,4,4,268.05,1072.2
148,52,42,3,191.33,573.99
149,52,21,3,100.78,302.34
150,52,48,3,131.55,394.65
151,52,38,4,240.22,960.88
152,53,87,1,490.81,490.81
153,53,77,2,443.9,887.8
154,53,10,2,319.9,639.8
155,53,62,5,47.71,238.55
156,53,73,3,62.76,188.28
157,54,92,4,190.19,760.76
158,54,2,4,312.33,1249.32
159,54,61,1,255.46,255.46
160,54,64,2,55.78,111.56
161,55,64,3,55.78,167.34
162,55,63,3,354.62,1063.86
163,56,24,5,58.3,291.5
164,56,99,5,499.53,2497.65
165,56,43,5,340.5,1702.5
166,56,68,2,358.02,716.04
167,57,36,5,99.41,497.05
168,57,57,2,499.14,998.28
169,57,12,5,30.92,154.6
170,57,47,4,141.86,567.44
171,58,94,3,19.69,59.07
172,58,78,2,413,826
173,58,71,1,187.86,187.86
174,59,98,4,183.42,733.68
175,59,77,5,443.9,2219.5
176,59,81,2,398.83,797.66
177,59,35,5,381.12,1905.6
178,60,22,2,76.41,152.82
179,60,80,2,45.91,91.82
180,60,75,5,154.64,773.2
181,61,43,4,340.5,1362
182,61,92,2,190.19,380.38
183,61,84,3,111.97,335.91
184,62,68,1,358.02,358.02
185,62,45,4,400.54,1602.16
186,62,14,3,240.71,722.13
187,62,36,4,99.41,397.64
188,62,27,2,88.34,176.68
189,63,60,2,421.43,842.86
190,63,99,1,499.53,499.53
191,63,18,5,52.81,264.05
192,64,50,1,120.6,120.6
193,64,96,4,448.7,1794.8
194,65,63,4,354.62,1418.48
195,65,73,5,62.76,313.8
196,65,6,2,141.25,282.5
197,65,76,5,19.77,98.85
198,66,74,2,403.75,807.5
199,66,50,5,120.6,603
200,66,2,4,312.33,1249.32
201,67,23,1,183.93,183.93
202,68,63,3,354.62,1063.86
203,69,60,1,421.43,421.43
204,69,87,5,490.81,2454.05
205,69,68,5,358.02,1790.1
206,69,14,5,240.71,1203.55
207,69,79,1,399.16,399.16
208,70,33,3,253.44,760.32
209,71,74,1,403.75,403.75
210,71,76,2,19.77,39.54
211,72,39,3,219.73,659.19
212,72,58,5,428.11,2140.55
213,72,91,2,477.57,955.14
214,72,92,5,190.19,950.95
215,72,12,1,30.92,30.92
216,73,59,3,333.21,999.63
217,73,21,1,100.78,100.78
218,73,8,4,150.19,600.76
219,73,64,5,55.78,278.9
220,73,29,2,105.64,211.28
221,74,43,1,340.5,340.5
222,74,61,3,255.46,766.38
223,75,81,3,398.83,1196.49
224,75,29,1,105.64,105.64
225,75,85,2,106.64,213.28
226,76,82,5,37.13,185.65
227,76,93,5,483.5,2417.5
228,77,22,5,76.41,382.05
229,77,73,1,62.76,62.76
230,78,36,5,99.41,497.05
231,78,43,5,340.5,1702.5
232,78,37,5,217.5,1087.5
233,78,80,1,45.91,45.91
234,79,54,1,349.21,349.21
235,79,27,3,88.34,265.02
236,79,20,3,416.98,1250.94
237,79,91,5,477.57,2387.85
238,80,52,3,25.25,75.75
239,80,74,2,403.75,807.5
240,81,65,3,16.77,50.31
241,81,59,2,333.21,666.42
242,81,91,4,477.57,1910.28
243,81,72,3,55.86,167.58
244,81,5,4,385.93,1543.72
245,82,74,4,403.75,1615
246,82,3,2,364.18,728.36
247,82,66,5,146.96,734.8
248,82,63,4,354.62,1418.48
249,83,29,5,105.64,528.2
250,84,64,3,55.78,167.34
251,84,51,1,402.95,402.95
252,84,19,3,369.83,1109.49
253,85,25,3,357.67,1073.01
254,85,24,5,58.3,291.5
255,85,66,2,146.96,293.92
256,86,56,4,295.16,1180.64
257,86,92,5,190.19,950.95
258,87,75,4,154.64,618.56
259,88,43,5,340.5,1702.5
260,89,51,2,402.95,805.9
261,89,51,1,402.95,402.95
262,90,80,4,45.91,183.64
263,90,52,4,25.25,101
264,90,46,4,228.95,915.8
265,91,5,5,385.93,1929.65
266,91,70,1,84.61,84.61
267,91,87,1,490.81,490.81
268,91,28,4,247.58,990.32
269,92,16,1,228.13,228.13
270,92,75,2,154.64,309.28
271,92,49,1,147,147
272,92,94,4,19.69,78.76
273,93,58,4,428.11,1712.44
274,94,36,5,99.41,497.05
275,94,16,3,228.13,684.39
276,94,45,5,400.54,2002.7
277,94,54,2,349.21,698.42
278,94,55,2,51.24,102.48
279,95,73,2,62.76,125.52
280,96,52,5,25.25,126.25
281,96,27,2,88.34,176.68
282,97,99,3,499.53,1498.59
283,97,50,3,120.6,361.8
284,97,57,4,499.14,1996.56
285,97,45,5,400.54,2002.7
286,97,61,3,255.46,766.38
287,98,3,2,364.18,728.36
288,99,87,1,490.81,490.81
289,99,62,1,47.71,47.71
290,99,31,1,471.46,471.46
291,100,31,5,471.46,2357.3
292,101,14,1,240.71,240.71
293,101,6,3,141.25,423.75
294,101,45,5,400.54,2002.7
295,101,27,2,88.34,176.68
296,101,96,3,448.7,1346.1
297,102,80,3,45.91,137.73
298,102,70,3,84.61,253.83
299,102,31,2,471.46,942.92
300,102,81,2,398.83,797.66
301,102,35,2,381.12,762.24
302,103,36,2,99.41,198.82
303,104,86,1,494.63,494.63
304,104,35,5,381.12,1905.6
305,105,92,1,190.19,190.19
306,106,83,1,221.74,221.74
307,106,68,1,358.02,358.02
308,106,9,3,425.88,1277.64
309,107,70,4,84.61,338.44
310,108,12,2,30.92,61.84
311,108,46,4,228.95,915.8
312,108,21,2,100.78,201.56
313,109,69,5,337.69,1688.45
314,109,82,3,37.13,111.39
315,109,95,3,410.86,1232.58
316,109,88,4,217.23,868.92
317,109,52,2,25.25,50.5
318,110,41,1,454.67,454.67
319,110,27,2,88.34,176.68
320,110,73,4,62.76,251.04
321,111,97,1,426.68,426.68
322,111,40,1,110.47,110.47
323,111,7,1,48.47,48.47
324,111,53,2,311.77,623.54
325,112,83,4,221.74,886.96
326,112,80,2,45.91,91.82
327,112,18,5,52.81,264.05
328,112,92,4,190.19,760.76
329,113,54,2,349.21,698.42
330,113,95,3,410.86,1232.58
331,113,57,2,499.14,998.28
332,113,60,4,421.43,1685.72
333,114,13,5,136.98,684.9
334,115,12,1,30.92,30.92
335,115,69,5,337.69,1688.45
336,115,45,2,400.54,801.08
337,115,4,3,268.05,804.15
338,116,55,3,51.24,153.72
339,116,25,1,357.67,357.67
340,116,2,3,312.33,936.99
341,116,21,1,100.78,100.78
342,116,27,4,88.34,353.36
343,117,43,2,340.5,681
344,117,39,4,219.73,878.92
345,117,43,3,340.5,1021.5
346,118,8,5,150.19,750.95
347,118,24,3,58.3,174.9
348,118,94,1,19.69,19.69
349,119,94,2,19.69,39.38
350,119,98,3,183.42,550.26
351,119,28,4,247.58,990.32
352,119,31,4,471.46,1885.84
353,119,63,3,354.62,1063.86
354,120,54,2,349.21,698.42
355,120,68,2,358.02,716.04
356,121,22,4,76.41,305.64
357,121,27,4,88.34,353.36
358,121,9,4,425.88,1703.52
359,121,20,5,416.98,2084.9
360,122,77,3,443.9,1331.7
361,122,8,2,150.19,300.38
362,122,53,2,311.77,623.54
363,122,94,4,19.69,78.76
364,122,15,4,313.97,1255.88
365,123,47,1,141.86,141.86
366,123,33,4,253.44,1013.76
367,124,73,3,62.76,188.28
368,124,89,5,10.32,51.6
369,124,12,4,30.92,123.68
370,124,8,5,150.19,750.95
371,125,38,1,240.22,240.22
372,125,82,2,37.13,74.26
373,125,27,5,88.34,441.7
374,125,86,1,494.63,494.63
375,125,52,5,25.25,126.25
376,126,61,1,255.46,255.46
377,126,52,2,25.25,50.5
378,126,54,5,349.21,1746.05
379,126,98,3,183.42,550.26
380,126,8,3,150.19,450.57
381,127,52,2,25.25,50.5
382,127,67,3,100.16,300.48
383,127,61,1,255.46,255.46
384,127,16,3,228.13,684.39
385,127,6,2,141.25,282.5
386,128,68,4,358.02,1432.08
387,128,55,4,51.24,204.96
388,128,74,1,403.75,403.75
389,129,87,3,490.81,1472.43
390,129,37,4,217.5,870
391,129,65,3,16.77,50.31
392,129,84,2,111.97,223.94
393,130,92,2,190.19,380.38
394,130,98,1,183.42,183.42
395,130,13,2,136.98,273.96
396,131,44,2,47.57,95.14
397,131,76,2,19.77,39.54
398,131,13,2,136.98,273.96
399,131,52,5,25.25,126.25
400,132,7,4,48.47,193.88
401,132,1,5,454.89,2274.45
402,132,87,2,490.81,981.62
403,132,19,5,369.83,1849.15
404,133,57,2,499.14,998.28
405,133,71,5,187.86,939.3
406,133,48,2,131.55,263.1
407,133,28,2,247.58,495.16
408,133,100,1,378.35,378.35
409,134,76,1,19.77,19.77
410,135,74,4,403.75,1615
411,135,31,2,471.46,942.92
412,135,74,3,403.75,1211.25
413,135,17,4,202.61,810.44
414,136,100,5,378.35,1891.75
415,137,14,3,240.71,722.13
416,137,82,1,37.13,37.13
417,138,100,1,378.35,378.35
418,138,18,1,52.81,52.81
419,138,16,5,228.13,1140.65
420,139,1,5,454.89,2274.45
421,140,57,1,499.14,499.14
422,140,51,2,402.95,805.9
423,140,9,2,425.88,851.76
424,140,61,4,255.46,1021.84
425,140,49,3,147,441
426,141,91,2,477.57,955.14
427,141,53,4,311.77,1247.08
428,141,72,5,55.86,279.3
429,142,23,1,183.93,183.93
430,142,43,3,340.5,1021.5
431,142,31,1,471.46,471.46
432,142,94,2,19.69,39.38
433,143,16,2,228.13,456.26
434,143,34,2,42.91,85.82
435,143,45,1,400.54,400.54
436,143,46,3,228.95,686.85
437,143,29,5,105.64,528.2
438,144,65,1,16.77,16.77
439,144,81,5,398.83,1994.15
440,144,97,1,426.68,426.68
441,144,11,1,256.57,256.57
442,144,12,4,30.92,123.68
443,145,48,5,131.55,657.75
444,145,21,2,100.78,201.56
445,146,51,1,402.95,402.95
446,146,18,4,52.81,211.24
447,146,74,4,403.75,1615
448,146,59,3,333.21,999.63
449,146,49,3,147,441
450,147,100,3,378.35,1135.05
451,148,7,4,48.47,193.88
452,149,71,2,187.86,375.72
453,149,33,2,253.44,506.88
454,149,54,5,349.21,1746.05
455,150,73,2,62.76,125.52
456,150,5,5,385.93,1929.65
457,150,32,2,483.77,967.54
458,150,84,2,111.97,223.94
459,151,86,4,494.63,1978.52
460,151,34,5,42.91,214.55
461,152,88,3,217.23,651.69
462,152,55,4,51.24,204.96
463,152,19,5,369.83,1849.15
464,153,39,4,219.73,878.92
465,153,8,5,150.19,750.95
466,154,74,1,403.75,403.75
467,154,95,3,410.86,1232.58
468,154,84,5,111.97,559.85
469,154,1,1,454.89,454.89
470,154,23,2,183.93,367.86
471,155,57,5,499.14,2495.7
472,155,91,2,477.57,955.14
473,156,72,1,55.86,55.86
474,156,64,2,55.78,111.56
475,157,38,2,240.22,480.44
476,157,30,3,368.75,1106.25
477,157,68,5,358.02,1790.1
478,157,51,2,402.95,805.9
479,157,4,5,268.05,1340.25
480,158,60,3,421.43,1264.29
481,158,11,3,256.57,769.71
482,158,100,3,378.35,1135.05
483,158,56,2,295.16,590.32
484,159,61,4,255.46,1021.84
485,159,82,1,37.13,37.13
486,159,41,5,454.67,2273.35
487,160,30,4,368.75,1475
488,161,37,5,217.5,1087.5
489,161,29,1,105.64,105.64
490,161,68,3,358.02,1074.06
491,161,63,5,354.62,1773.1
492,161,7,3,48.47,145.41
493,162,3,2,364.18,728.36
494,163,18,3,52.81,158.43
495,163,24,5,58.3,291.5
496,164,21,5,100.78,503.9
497,164,9,2,425.88,851.76
498,164,34,4,42.91,171.64
499,165,51,4,402.95,1611.8
500,165,24,1,58.3,58.3
501,165,1,5,454.89,2274.45
502,166,6,3,141.25,423.75
503,166,14,1,240.71,240.71
504,167,98,5,183.42,917.1
505,167,27,2,88.34,176.68
506,167,88,2,217.23,434.46
507,167,81,5,398.83,1994.15
508,167,48,1,131.55,131.55
509,168,27,2,88.34,176.68
510,169,28,3,247.58,742.74
511,170,71,2,187.86,375.72
512,170,4,1,268.05,268.05
513,170,64,3,55.78,167.34
514,170,52,2,25.25,50.5
515,171,47,3,141.86,425.58
516,172,51,5,402.95,2014.75
517,172,97,2,426.68,853.36
518,172,20,1,416.98,416.98
519,173,86,2,494.63,989.26
520,173,24,1,58.3,58.3
521,173,57,4,499.14,1996.56
522,174,93,3,483.5,1450.5
523,174,18,2,52.81,105.62
524,174,46,2,228.95,457.9
525,174,42,4,191.33,765.32
526,175,34,1,42.91,42.91
527,175,12,3,30.92,92.76
528,176,62,2,47.71,95.42
529,176,38,5,240.22,1201.1
530,176,57,3,499.14,1497.42
531,177,87,4,490.81,1963.24
532,177,80,5,45.91,229.55
533,177,87,4,490.81,1963.24
534,178,71,5,187.86,939.3
535,178,37,3,217.5,652.5
536,178,67,2,100.16,200.32
537,178,88,1,217.23,217.23
538,178,18,5,52.81,264.05
539,179,46,1,228.95,228.95
540,179,58,5,428.11,2140.55
541,180,81,1,398.83,398.83
542,180,20,1,416.98,416.98
543,180,91,3,477.57,1432.71
544,180,87,2,490.81,981.62
545,181,78,5,413,2065
546,181,89,1,10.32,10.32
547,181,20,2,416.98,833.96
548,182,51,3,402.95,1208.85
549,182,39,2,219.73,439.46
550,182,64,4,55.78,223.12
551,182,60,2,421.43,842.86
552,182,60,4,421.43,1685.72
553,183,86,2,494.63,989.26
554,183,27,2,88.34,176.68
555,183,43,1,340.5,340.5
556,183,53,2,311.77,623.54
557,184,73,1,62.76,62.76
558,184,68,1,358.02,358.02
559,184,56,1,295.16,295.16
560,184,26,5,394.39,1971.95
561,185,69,3,337.69,1013.07
562,185,91,1,477.57,477.57
563,185,91,2,477.57,955.14
564,186,100,1,378.35,378.35
565,186,81,3,398.83,1196.49
566,186,84,5,111.97,559.85
567,187,61,2,255.46,510.92
568,187,48,4,131.55,526.2
569,187,14,3,240.71,722.13
570,188,56,1,295.16,295.16
571,188,92,3,190.19,570.57
572,188,13,4,136.98,547.92
573,189,83,1,221.74,221.74
574,189,91,4,477.57,1910.28
575,189,82,5,37.13,185.65
576,189,2,2,312.33,624.66
577,189,56,5,295.16,1475.8
578,190,33,5,253.44,1267.2
579,191,47,1,141.86,141.86
580,191,84,3,111.97,335.91
581,192,69,2,337.69,675.38
582,192,22,2,76.41,152.82
583,192,18,4,52.81,211.24
584,193,62,2,47.71,95.42
585,194,61,1,255.46,255.46
586,194,60,4,421.43,1685.72
587,194,57,5,499.14,2495.7
588,195,27,3,88.34,265.02
589,195,13,2,136.98,273.96
590,195,59,5,333.21,1666.05
591,196,17,3,202.61,607.83
592,196,94,3,19.69,59.07
593,196,87,3,490.81,1472.43
594,196,63,3,354.62,1063.86
595,197,51,5,402.95,2014.75
596,198,55,3,51.24,153.72
597,198,26,5,394.39,1971.95
598,198,38,5,240.22,1201.1
599,199,73,1,62.76,62.76
600,199,26,2,394.39,788.78
601,199,88,1,217.23,217.23
602,200,2,2,312.33,624.66
603,200,81,3,398.83,1196.49
604,200,11,3,256.57,769.71
605,201,70,1,84.61,84.61
606,201,76,3,19.77,59.31
607,201,58,2,428.11,856.22
608,201,63,3,354.62,1063.86
609,201,24,1,58.3,58.3
610,202,46,1,228.95,228.95
611,202,3,2,364.18,728.36
612,203,97,1,426.68,426.68
613,204,19,4,369.83,1479.32
614,204,92,3,190.19,570.57
615,205,77,2,443.9,887.8
616,205,88,3,217.23,651.69
617,205,99,2,499.53,999.06
618,206,9,4,425.88,1703.52
619,206,20,3,416.98,1250.94
620,206,97,2,426.68,853.36
621,206,71,3,187.86,563.58
622,207,17,4,202.61,810.44
623,207,91,4,477.57,1910.28
624,208,8,4,150.19,600.76
625,209,34,5,42.91,214.55
626,209,72,2,55.86,111.72
627,209,20,4,416.98,1667.92
628,209,79,3,399.16,1197.48
629,209,91,4,477.57,1910.28
630,210,78,5,413,2065
631,210,69,1,337.69,337.69
632,211,93,4,483.5,1934
633,211,48,5,131.55,657.75
634,211,92,1,190.19,190.19
635,211,40,3,110.47,331.41
636,212,49,3,147,441
637,212,30,1,368.75,368.75
638,212,80,5,45.91,229.55
639,213,80,1,45.91,45.91
640,213,57,5,499.14,2495.7
641,213,77,4,443.9,1775.6
642,213,63,1,354.62,354.62
643,214,46,4,228.95,915.8
644,214,35,5,381.12,1905.6
645,214,11,2,256.57,513.14
646,214,34,4,42.91,171.64
647,214,29,2,105.64,211.28
648,215,12,1,30.92,30.92
649,215,95,3,410.86,1232.58
650,216,72,2,55.86,111.72
651,216,96,1,448.7,448.7
652,216,26,2,394.39,788.78
653,216,32,5,483.77,2418.85
654,217,96,5,448.7,2243.5
655,218,96,5,448.7,2243.5
656,218,1,1,454.89,454.89
657,219,37,3,217.5,652.5
658,219,75,2,154.64,309.28
659,219,28,3,247.58,742.74
660,220,16,1,228.13,228.13
661,221,4,5,268.05,1340.25
662,221,7,2,48.47,96.94
663,221,34,3,42.91,128.73
664,222,82,2,37.13,74.26
665,222,39,1,219.73,219.73
666,222,39,3,219.73,659.19
667,223,84,3,111.97,335.91
668,223,83,2,221.74,443.48
669,223,57,3,499.14,1497.42
670,223,83,4,221.74,886.96
671,223,52,1,25.25,25.25
672,224,31,4,471.46,1885.84
673,224,84,1,111.97,111.97
674,224,8,1,150.19,150.19
675,224,72,3,55.86,167.58
676,224,34,4,42.91,171.64
677,225,43,2,340.5,681
678,225,10,4,319.9,1279.6
679,226,66,5,146.96,734.8
680,226,74,3,403.75,1211.25
681,226,46,1,228.95,228.95
682,227,71,2,187.86,375.72
683,227,82,4,37.13,148.52
684,227,86,1,494.63,494.63
685,227,83,3,221.74,665.22
686,227,56,4,295.16,1180.64
687,228,20,4,416.98,1667.92
688,228,7,3,48.47,145.41
689,228,68,1,358.02,358.02
690,228,34,1,42.91,42.91
691,228,47,4,141.86,567.44
692,229,28,4,247.58,990.32
693,229,26,3,394.39,1183.17
694,229,95,2,410.86,821.72
695,230,83,5,221.74,1108.7
696,231,19,2,369.83,739.66
697,231,79,3,399.16,1197.48
698,231,68,4,358.02,1432.08
699,231,62,2,47.71,95.42
700,231,80,4,45.91,183.64
701,232,17,1,202.61,202.61
702,232,7,5,48.47,242.35
703,232,14,2,240.71,481.42
704,232,81,4,398.83,1595.32
705,232,39,4,219.73,878.92
706,233,38,2,240.22,480.44
707,233,75,3,154.64,463.92
708,233,19,2,369.83,739.66
709,233,9,4,425.88,1703.52
710,234,94,2,19.69,39.38
711,235,37,2,217.5,435
712,235,76,2,19.77,39.54
713,235,75,2,154.64,309.28
714,235,30,3,368.75,1106.25
715,235,97,1,426.68,426.68
716,236,77,2,443.9,887.8
717,236,84,2,111.97,223.94
718,237,43,5,340.5,1702.5
719,238,20,5,416.98,2084.9
720,238,23,4,183.93,735.72
721,239,100,5,378.35,1891.75
722,239,100,3,378.35,1135.05
723,239,23,3,183.93,551.79
724,239,44,3,47.57,142.71
725,239,94,4,19.69,78.76
726,240,79,2,399.16,798.32
727,241,87,5,490.81,2454.05
728,242,83,1,221.74,221.74
729,242,81,4,398.83,1595.32
730,242,53,5,311.77,1558.85
731,242,24,5,58.3,291.5
732,242,16,4,228.13,912.52
733,243,28,5,247.58,1237.9
734,243,49,3,147,441
735,243,69,1,337.69,337.69
736,243,76,3,19.77,59.31
737,243,99,2,499.53,999.06
738,244,63,2,354.62,709.24
739,244,48,5,131.55,657.75
740,244,52,4,25.25,101
741,244,94,2,19.69,39.38
742,245,18,2,52.81,105.62
743,245,7,4,48.47,193.88
744,245,12,3,30.92,92.76
745,245,13,5,136.98,684.9
746,246,92,2,190.19,380.38
747,246,75,4,154.64,618.56
748,246,34,5,42.91,214.55
749,247,35,1,381.12,381.12
750,248,15,1,313.97,313.97
751,248,31,3,471.46,1414.38
752,248,74,4,403.75,1615
753,248,84,1,111.97,111.97
754,249,63,1,354.62,354.62
755,249,53,5,311.77,1558.85
756,249,32,3,483.77,1451.31
757,250,76,4,19.77,79.08
758,250,27,2,88.34,176.68
759,251,82,3,37.13,111.39
760,251,87,1,490.81,490.81
761,251,13,4,136.98,547.92
762,252,92,2,190.19,380.38
763,253,89,4,10.32,41.28
764,253,72,5,55.86,279.3
765,254,57,5,499.14,2495.7
766,254,81,2,398.83,797.66
767,254,69,3,337.69,1013.07
768,255,29,3,105.64,316.92
769,255,94,4,19.69,78.76
770,255,47,5,141.86,709.3
771,255,77,3,443.9,1331.7
772,255,31,5,471.46,2357.3
773,256,51,4,402.95,1611.8
774,256,64,2,55.78,111.56
775,256,77,5,443.9,2219.5
776,256,45,5,400.54,2002.7
777,257,19,1,369.83,369.83
778,258,11,3,256.57,769.71
779,258,79,1,399.16,399.16
780,258,59,4,333.21,1332.84
781,258,83,3,221.74,665.22
782,259,42,2,191.33,382.66
783,259,100,1,378.35,378.35
784,259,89,2,10.32,20.64
785,259,4,3,268.05,804.15
786,259,12,5,30.92,154.6
787,260,58,2,428.11,856.22
788,260,59,4,333.21,1332.84
789,260,48,2,131.55,263.1
790,260,53,3,311.77,935.31
791,261,41,4,454.67,1818.68
792,261,37,1,217.5,217.5
793,261,76,3,19.77,59.31
794,262,75,2,154.64,309.28
795,262,10,2,319.9,639.8
796,262,68,2,358.02,716.04
797,262,50,2,120.6,241.2
798,263,14,2,240.71,481.42
799,264,91,3,477.57,1432.71
800,264,39,5,219.73,1098.65
801,264,77,4,443.9,1775.6
802,265,54,1,349.21,349.21
803,265,26,3,394.39,1183.17
804,266,100,2,378.35,756.7
805,266,39,5,219.73,1098.65
806,266,48,2,131.55,263.1
807,266,81,3,398.83,1196.49
808,266,66,3,146.96,440.88
809,267,35,2,381.12,762.24
810,268,12,4,30.92,123.68
811,268,38,1,240.22,240.22
812,269,30,4,368.75,1475
813,269,26,1,394.39,394.39
814,270,80,1,45.91,45.91
815,270,11,3,256.57,769.71
816,270,47,3,141.86,425.58
817,270,100,3,378.35,1135.05
818,271,63,5,354.62,1773.1
819,271,37,5,217.5,1087.5
820,271,41,2,454.67,909.34
821,271,47,2,141.86,283.72
822,271,60,3,421.43,1264.29
823,272,38,3,240.22,720.66
824,272,29,4,105.64,422.56
825,272,25,4,357.67,1430.68
826,273,61,3,255.46,766.38
827,273,20,1,416.98,416.98
828,273,12,1,30.92,30.92
829,274,32,2,483.77,967.54
830,274,45,3,400.54,1201.62
831,274,96,1,448.7,448.7
832,275,15,4,313.97,1255.88
833,276,25,4,357.67,1430.68
834,277,70,3,84.61,253.83
835,278,62,4,47.71,190.84
836,278,5,1,385.93,385.93
837,278,18,3,52.81,158.43
838,278,17,1,202.61,202.61
839,279,25,3,357.67,1073.01
840,279,57,4,499.14,1996.56
841,279,76,4,19.77,79.08
842,279,52,5,25.25,126.25
843,279,21,1,100.78,100.78
844,280,80,1,45.91,45.91
845,280,6,3,141.25,423.75
846,280,59,3,333.21,999.63
847,281,4,5,268.05,1340.25
848,281,37,3,217.5,652.5
849,281,75,4,154.64,618.56
850,281,74,2,403.75,807.5
851,282,7,3,48.47,145.41
852,282,39,3,219.73,659.19
853,282,81,5,398.83,1994.15
854,283,53,5,311.77,1558.85
855,283,32,5,483.77,2418.85
856,283,59,5,333.21,1666.05
857,283,23,5,183.93,919.65
858,283,9,2,425.88,851.76
859,284,15,5,313.97,1569.85
860,285,2,3,312.33,936.99
861,285,17,1,202.61,202.61
862,286,42,4,191.33,765.32
863,286,46,1,228.95,228.95
864,287,38,4,240.22,960.88
865,287,39,1,219.73,219.73
866,287,63,3,354.62,1063.86
867,288,16,1,228.13,228.13
868,288,4,2,268.05,536.1
869,288,97,4,426.68,1706.72
870,288,22,2,76.41,152.82
871,289,47,3,141.86,425.58
872,289,84,5,111.97,559.85
873,289,9,5,425.88,2129.4
874,289,83,1,221.74,221.74
875,289,33,4,253.44,1013.76
876,290,77,1,443.9,443.9
877,291,8,4,150.19,600.76
878,291,5,5,385.93,1929.65
879,291,53,3,311.77,935.31
880,291,35,5,381.12,1905.6
881,291,15,1,313.97,313.97
882,292,30,4,368.75,1475
883,292,83,3,221.74,665.22
884,293,64,3,55.78,167.34
885,293,14,2,240.71,481.42
886,293,5,4,385.93,1543.72
887,293,50,5,120.6,603
888,293,4,3,268.05,804.15
889,294,5,5,385.93,1929.65
890,294,24,5,58.3,291.5
891,295,77,2,443.9,887.8
892,295,28,5,247.58,1237.9
893,295,34,3,42.91,128.73
894,295,86,3,494.63,1483.89
895,295,85,1,106.64,106.64
896,296,99,2,499.53,999.06
897,296,80,4,45.91,183.64
898,296,99,1,499.53,499.53
899,296,1,2,454.89,909.78
900,296,72,4,55.86,223.44
901,297,44,3,47.57,142.71
902,297,30,5,368.75,1843.75
903,297,68,5,358.02,1790.1
904,297,98,4,183.42,733.68
905,297,68,3,358.02,1074.06
906,298,6,1,141.25,141.25
907,299,70,3,84.61,253.83
908,299,11,2,256.57,513.14
909,299,28,2,247.58,495.16
910,300,89,4,10.32,41.28
911,301,43,2,340.5,681
912,301,99,1,499.53,499.53
913,301,19,4,369.83,1479.32
914,301,16,1,228.13,228.13
915,301,78,1,413,413
916,302,28,3,247.58,742.74
917,302,33,1,253.44,253.44
918,302,88,3,217.23,651.69
919,302,16,1,228.13,228.13
920,302,28,3,247.58,742.74
921,303,26,2,394.39,788.78
922,303,45,4,400.54,1602.16
923,304,52,4,25.25,101
924,304,59,4,333.21,1332.84
925,305,72,3,55.86,167.58
926,305,3,2,364.18,728.36
927,305,28,1,247.58,247.58
928,306,15,5,313.97,1569.85
929,306,31,1,471.46,471.46
930,306,68,5,358.02,1790.1
931,307,21,1,100.78,100.78
932,307,99,2,499.53,999.06
933,308,69,4,337.69,1350.76
934,308,21,3,100.78,302.34
935,309,59,4,333.21,1332.84
936,309,50,5,120.6,603
937,309,86,1,494.63,494.63
938,309,3,2,364.18,728.36
939,310,33,4,253.44,1013.76
940,310,64,1,55.78,55.78
941,310,8,2,150.19,300.38
942,310,57,2,499.14,998.28
943,310,16,3,228.13,684.39
944,311,59,4,333.21,1332.84
945,311,29,5,105.64,528.2
946,311,26,4,394.39,1577.56
947,312,62,5,47.71,238.55
948,312,53,3,311.77,935.31
949,313,27,4,88.34,353.36
950,313,62,2,47.71,95.42
951,314,95,2,410.86,821.72
952,314,81,2,398.83,797.66
953,314,88,3,217.23,651.69
954,315,81,2,398.83,797.66
955,316,41,4,454.67,1818.68
956,317,46,1,228.95,228.95
957,317,65,2,16.77,33.54
958,317,97,1,426.68,426.68
959,318,26,1,394.39,394.39
960,318,51,4,402.95,1611.8
961,318,47,5,141.86,709.3
962,319,80,1,45.91,45.91
963,319,3,3,364.18,1092.54
964,319,96,5,448.7,2243.5
965,319,99,1,499.53,499.53
966,320,87,2,490.81,981.62
967,321,44,5,47.57,237.85
968,321,60,1,421.43,421.43
969,321,32,2,483.77,967.54
970,322,96,5,448.7,2243.5
971,322,89,4,10.32,41.28
972,322,47,5,141.86,709.3
973,322,89,2,10.32,20.64
974,323,19,3,369.83,1109.49
975,323,12,2,30.92,61.84
976,324,76,3,19.77,59.31
977,325,76,2,19.77,39.54
978,325,72,2,55.86,111.72
979,325,72,5,55.86,279.3
980,325,55,2,51.24,102.48
981,325,21,3,100.78,302.34
982,326,58,3,428.11,1284.33
983,327,84,2,111.97,223.94
984,328,73,2,62.76,125.52
985,328,65,1,16.77,16.77
986,328,29,3,105.64,316.92
987,328,12,2,30.92,61.84
988,329,81,2,398.83,797.66
989,329,65,1,16.77,16.77
990,329,77,1,443.9,443.9
991,330,57,4,499.14,1996.56
992,330,52,4,25.25,101
993,330,71,2,187.86,375.72
994,330,93,1,483.5,483.5
995,331,12,3,30.92,92.76
996,332,69,3,337.69,1013.07
997,332,51,2,402.95,805.9
998,333,66,3,146.96,440.88
999,333,8,1,150.19,150.19
1000,333,25,3,357.67,1073.01
1001,333,34,1,42.91,42.91
1002,334,62,4,47.71,190.84
1003,334,41,2,454.67,909.34
1004,334,84,2,111.97,223.94
1005,334,23,2,183.93,367.86
1006,335,85,3,106.64,319.92
1007,335,87,4,490.81,1963.24
1008,336,1,4,454.89,1819.56
1009,336,57,2,499.14,998.28
1010,336,15,4,313.97,1255.88
1011,337,100,3,378.35,1135.05
1012,337,43,2,340.5,681
1013,337,99,2,499.53,999.06
1014,338,52,3,25.25,75.75
1015,339,79,1,399.16,399.16
1016,339,24,2,58.3,116.6
1017,339,29,2,105.64,211.28
1018,339,18,1,52.81,52.81
1019,340,34,5,42.91,214.55
1020,340,93,3,483.5,1450.5
1021,340,27,1,88.34,88.34
1022,341,48,3,131.55,394.65
1023,342,45,1,400.54,400.54
1024,342,16,5,228.13,1140.65
1025,343,81,1,398.83,398.83
1026,343,40,5,110.47,552.35
1027,343,12,2,30.92,61.84
1028,344,80,5,45.91,229.55
1029,345,60,2,421.43,842.86
1030,345,100,1,378.35,378.35
1031,345,87,3,490.81,1472.43
1032,345,2,2,312.33,624.66
1033,345,32,1,483.77,483.77
1034,346,80,4,45.91,183.64
1035,346,72,3,55.86,167.58
1036,346,96,1,448.7,448.7
1037,346,11,2,256.57,513.14
1038,346,9,2,425.88,851.76
1039,347,68,5,358.02,1790.1
1040,347,53,5,311.77,1558.85
1041,348,37,5,217.5,1087.5
1042,348,59,4,333.21,1332.84
1043,348,77,4,443.9,1775.6
1044,348,72,4,55.86,223.44
1045,348,65,3,16.77,50.31
1046,349,65,2,16.77,33.54
1047,349,25,3,357.67,1073.01
1048,349,53,5,311.77,1558.85
1049,350,2,4,312.33,1249.32
1050,351,75,3,154.64,463.92
1051,351,100,4,378.35,1513.4
1052,351,95,4,410.86,1643.44
1053,351,99,5,499.53,2497.65
1054,352,7,2,48.47,96.94
1055,352,88,1,217.23,217.23
1056,352,53,3,311.77,935.31
1057,352,54,3,349.21,1047.63
1058,352,43,5,340.5,1702.5
1059,353,96,5,448.7,2243.5
1060,353,84,2,111.97,223.94
1061,354,82,2,37.13,74.26
1062,354,14,4,240.71,962.84
1063,354,31,4,471.46,1885.84
1064,355,2,4,312.33,1249.32
1065,355,6,3,141.25,423.75
1066,355,81,1,398.83,398.83
1067,355,72,4,55.86,223.44
1068,355,15,3,313.97,941.91
1069,356,71,5,187.86,939.3
1070,356,12,4,30.92,123.68
1071,356,92,5,190.19,950.95
1072,357,50,4,120.6,482.4
1073,358,76,4,19.77,79.08
1074,358,35,3,381.12,1143.36
1075,358,20,4,416.98,1667.92
1076,359,22,5,76.41,382.05
1077,359,9,3,425.88,1277.64
1078,359,10,4,319.9,1279.6
1079,360,34,5,42.91,214.55
1080,360,79,2,399.16,798.32
1081,361,87,3,490.81,1472.43
1082,361,17,2,202.61,405.22
1083,361,61,2,255.46,510.92
1084,361,51,1,402.95,402.95
1085,362,86,5,494.63,2473.15
1086,362,35,3,381.12,1143.36
1087,362,52,4,25.25,101
1088,363,56,1,295.16,295.16
1089,364,91,5,477.57,2387.85
1090,364,10,5,319.9,1599.5
1091,364,40,2,110.47,220.94
1092,365,76,1,19.77,19.77
1093,365,76,5,19.77,98.85
1094,365,17,3,202.61,607.83
1095,366,73,1,62.76,62.76
1096,366,58,3,428.11,1284.33
1097,366,68,3,358.02,1074.06
1098,367,21,2,100.78,201.56
1099,368,99,3,499.53,1498.59
1100,368,4,1,268.05,268.05
1101,369,28,1,247.58,247.58
1102,369,99,2,499.53,999.06
1103,370,51,1,402.95,402.95
1104,370,68,3,358.02,1074.06
1105,370,82,3,37.13,111.39
1106,370,99,1,499.53,499.53
1107,371,93,3,483.5,1450.5
1108,371,61,4,255.46,1021.84
1109,372,50,3,120.6,361.8
1110,372,88,4,217.23,868.92
1111,372,49,3,147,441
1112,373,69,1,337.69,337.69
1113,373,40,4,110.47,441.88
1114,373,2,4,312.33,1249.32
1115,373,47,1,141.86,141.86
1116,373,54,3,349.21,1047.63
1117,374,29,3,105.64,316.92
1118,374,70,4,84.61,338.44
1119,374,59,4,333.21,1332.84
1120,374,91,2,477.57,955.14
1121,375,26,5,394.39,1971.95
1122,375,20,4,416.98,1667.92
1123,375,91,1,477.57,477.57
1124,376,9,2,425.88,851.76
1125,376,75,5,154.64,773.2
1126,376,44,1,47.57,47.57
1127,377,31,2,471.46,942.92
1128,377,36,5,99.41,497.05
1129,377,59,2,333.21,666.42
1130,378,38,3,240.22,720.66
1131,378,81,5,398.83,1994.15
1132,378,35,4,381.12,1524.48
1133,378,67,4,100.16,400.64
1134,379,34,5,42.91,214.55
1135,379,39,1,219.73,219.73
1136,379,95,5,410.86,2054.3
1137,380,87,1,490.81,490.81
1138,380,66,4,146.96,587.84
1139,381,19,1,369.83,369.83
1140,381,36,4,99.41,397.64
1141,381,92,4,190.19,760.76
1142,382,16,4,228.13,912.52
1143,382,52,3,25.25,75.75
1144,382,80,3,45.91,137.73
1145,382,56,3,295.16,885.48
1146,382,35,5,381.12,1905.6
1147,383,42,3,191.33,573.99
1148,384,91,3,477.57,1432.71
1149,384,14,4,240.71,962.84
1150,384,5,2,385.93,771.86
1151,385,33,2,253.44,506.88
1152,385,77,4,443.9,1775.6
1153,385,88,2,217.23,434.46
1154,385,43,2,340.5,681
1155,385,4,3,268.05,804.15
1156,386,25,4,357.67,1430.68
1157,386,100,1,378.35,378.35
1158,386,22,2,76.41,152.82
1159,386,83,1,221.74,221.74
1160,386,92,2,190.19,380.38
1161,387,21,5,100.78,503.9
1162,387,17,1,202.61,202.61
1163,387,66,2,146.96,293.92
1164,387,80,2,45.91,91.82
1165,388,91,2,477.57,955.14
1166,388,99,1,499.53,499.53
1167,388,64,2,55.78,111.56
1168,388,39,1,219.73,219.73
1169,389,61,2,255.46,510.92
1170,389,76,3,19.77,59.31
1171,389,81,2,398.83,797.66
1172,390,16,5,228.13,1140.65
1173,390,10,4,319.9,1279.6
1174,391,27,2,88.34,176.68
1175,391,48,2,131.55,263.1
1176,391,75,1,154.64,154.64
1177,391,42,1,191.33,191.33
1178,391,55,1,51.24,51.24
1179,392,71,1,187.86,187.86
1180,392,66,3,146.96,440.88
1181,392,45,5,400.54,2002.7
1182,392,80,5,45.91,229.55
1183,392,84,5,111.97,559.85
1184,393,33,4,253.44,1013.76
1185,393,92,3,190.19,570.57
1186,393,45,1,400.54,400.54
1187,394,67,5,100.16,500.8
1188,394,38,5,240.22,1201.1
1189,394,13,5,136.98,684.9
1190,395,37,2,217.5,435
1191,396,58,5,428.11,2140.55
1192,396,92,3,190.19,570.57
1193,396,43,4,340.5,1362
1194,397,2,2,312.33,624.66
1195,397,62,1,47.71,47.71
1196,397,84,5,111.97,559.85
1197,397,2,5,312.33,1561.65
1198,398,70,2,84.61,169.22
1199,398,97,2,426.68,853.36
1200,399,59,4,333.21,1332.84
1201,399,87,5,490.81,2454.05
1202,400,7,2,48.47,96.94
1203,400,13,1,136.98,136.98
1204,400,10,3,319.9,959.7
1205,400,19,4,369.83,1479.32
1206,401,18,5,52.81,264.05
1207,402,30,5,368.75,1843.75
1208,402,67,1,100.16,100.16
1209,402,60,1,421.43,421.43
1210,402,38,5,240.22,1201.1
1211,403,17,1,202.61,202.61
1212,403,43,1,340.5,340.5
1213,403,29,5,105.64,528.2
1214,403,66,1,146.96,146.96
1215,404,65,3,16.77,50.31
1216,405,26,1,394.39,394.39
1217,406,44,3,47.57,142.71
1218,406,21,4,100.78,403.12
1219,407,99,4,499.53,1998.12
1220,407,46,2,228.95,457.9
1221,407,60,2,421.43,842.86
1222,407,18,5,52.81,264.05
1223,408,36,3,99.41,298.23
1224,408,85,5,106.64,533.2
1225,408,13,5,136.98,684.9
1226,409,11,4,256.57,1026.28
1227,410,22,5,76.41,382.05
1228,410,40,1,110.47,110.47
1229,410,96,2,448.7,897.4
1230,411,81,5,398.83,1994.15
1231,412,5,2,385.93,771.86
1232,412,48,3,131.55,394.65
1233,413,69,2,337.69,675.38
1234,413,67,5,100.16,500.8
1235,413,2,2,312.33,624.66
1236,414,1,4,454.89,1819.56
1237,414,77,5,443.9,2219.5
1238,414,88,1,217.23,217.23
1239,415,90,1,409.02,409.02
1240,416,33,2,253.44,506.88
1241,416,42,1,191.33,191.33
1242,417,14,3,240.71,722.13
1243,418,51,5,402.95,2014.75
1244,418,93,5,483.5,2417.5
1245,418,73,3,62.76,188.28
1246,419,91,1,477.57,477.57
1247,419,83,5,221.74,1108.7
1248,419,76,3,19.77,59.31
1249,419,64,3,55.78,167.34
1250,420,17,1,202.61,202.61
1251,420,67,5,100.16,500.8
1252,420,63,2,354.62,709.24
1253,420,32,4,483.77,1935.08
1254,421,68,4,358.02,1432.08
1255,422,73,1,62.76,62.76
1256,422,18,3,52.81,158.43
1257,422,88,3,217.23,651.69
1258,422,94,5,19.69,98.45
1259,422,36,5,99.41,497.05
1260,423,21,3,100.78,302.34
1261,423,52,5,25.25,126.25
1262,423,55,5,51.24,256.2
1263,424,21,2,100.78,201.56
1264,424,45,5,400.54,2002.7
1265,424,68,5,358.02,1790.1
1266,424,64,1,55.78,55.78
1267,425,43,3,340.5,1021.5
1268,425,39,4,219.73,878.92
1269,425,39,5,219.73,1098.65
1270,425,75,5,154.64,773.2
1271,426,17,4,202.61,810.44
1272,426,98,5,183.42,917.1
1273,426,47,2,141.86,283.72
1274,426,28,1,247.58,247.58
1275,426,7,3,48.47,145.41
1276,427,84,1,111.97,111.97
1277,427,10,5,319.9,1599.5
1278,427,20,1,416.98,416.98
1279,428,100,2,378.35,756.7
1280,429,35,5,381.12,1905.6
1281,429,71,5,187.86,939.3
1282,430,34,4,42.91,171.64
1283,431,32,3,483.77,1451.31
1284,432,52,3,25.25,75.75
1285,433,14,4,240.71,962.84
1286,433,3,5,364.18,1820.9
1287,433,50,1,120.6,120.6
1288,433,77,4,443.9,1775.6
1289,433,60,5,421.43,2107.15
1290,434,24,2,58.3,116.6
1291,434,38,3,240.22,720.66
1292,434,14,4,240.71,962.84
1293,435,89,1,10.32,10.32
1294,435,95,4,410.86,1643.44
1295,435,6,5,141.25,706.25
1296,435,27,5,88.34,441.7
1297,435,2,1,312.33,312.33
1298,436,75,5,154.64,773.2
1299,436,43,4,340.5,1362
1300,436,47,1,141.86,141.86
1301,436,45,1,400.54,400.54
1302,437,25,4,357.67,1430.68
1303,437,26,4,394.39,1577.56
1304,437,1,3,454.89,1364.67
1305,437,13,4,136.98,547.92
1306,438,61,3,255.46,766.38
1307,438,54,1,349.21,349.21
1308,439,55,1,51.24,51.24
1309,440,3,1,364.18,364.18
1310,440,11,1,256.57,256.57
1311,440,92,5,190.19,950.95
1312,441,79,5,399.16,1995.8
1313,441,94,1,19.69,19.69
1314,441,67,2,100.16,200.32
1315,441,96,2,448.7,897.4
1316,441,24,5,58.3,291.5
1317,442,44,3,47.57,142.71
1318,442,22,2,76.41,152.82
1319,442,15,2,313.97,627.94
1320,442,66,3,146.96,440.88
1321,443,44,3,47.57,142.71
1322,443,49,2,147,294
1323,443,31,5,471.46,2357.3
1324,443,37,4,217.5,870
1325,443,4,3,268.05,804.15
1326,444,78,4,413,1652
1327,444,57,2,499.14,998.28
1328,444,59,1,333.21,333.21
1329,444,45,4,400.54,1602.16
1330,445,44,5,47.57,237.85
1331,446,3,4,364.18,1456.72
1332,446,20,3,416.98,1250.94
1333,446,97,3,426.68,1280.04
1334,447,70,2,84.61,169.22
1335,447,20,5,416.98,2084.9
1336,447,66,4,146.96,587.84
1337,447,24,2,58.3,116.6
1338,448,95,1,410.86,410.86
1339,448,83,5,221.74,1108.7
1340,448,82,3,37.13,111.39
1341,448,32,3,483.77,1451.31
1342,448,78,5,413,2065
1343,449,35,1,381.12,381.12
1344,449,30,5,368.75,1843.75
1345,450,33,4,253.44,1013.76
1346,450,97,4,426.68,1706.72
1347,450,2,4,312.33,1249.32
1348,450,31,3,471.46,1414.38
1349,450,46,1,228.95,228.95
1350,451,10,2,319.9,639.8
1351,451,70,4,84.61,338.44
1352,451,35,2,381.12,762.24
1353,451,40,4,110.47,441.88
1354,451,97,5,426.68,2133.4
1355,452,71,3,187.86,563.58
1356,452,51,3,402.95,1208.85
1357,452,64,3,55.78,167.34
1358,452,44,4,47.57,190.28
1359,453,76,2,19.77,39.54
1360,454,81,4,398.83,1595.32
1361,454,95,5,410.86,2054.3
1362,454,49,4,147,588
1363,455,77,1,443.9,443.9
1364,455,44,1,47.57,47.57
1365,455,19,5,369.83,1849.15
1366,456,33,5,253.44,1267.2
1367,456,23,1,183.93,183.93
1368,456,71,2,187.86,375.72
1369,457,61,1,255.46,255.46
1370,457,91,2,477.57,955.14
1371,457,44,1,47.57,47.57
1372,457,2,3,312.33,936.99
1373,458,15,3,313.97,941.91
1374,458,53,1,311.77,311.77
1375,459,73,3,62.76,188.28
1376,459,45,2,400.54,801.08
1377,459,50,5,120.6,603
1378,460,14,3,240.71,722.13
1379,461,65,3,16.77,50.31
1380,461,84,3,111.97,335.91
1381,462,46,1,228.95,228.95
1382,462,25,3,357.67,1073.01
1383,462,71,3,187.86,563.58
1384,462,86,2,494.63,989.26
1385,463,28,1,247.58,247.58
1386,463,24,4,58.3,233.2
1387,463,52,3,25.25,75.75
1388,463,67,1,100.16,100.16
1389,463,40,4,110.47,441.88
1390,464,6,4,141.25,565
1391,464,14,3,240.71,722.13
1392,464,83,3,221.74,665.22
1393,465,67,4,100.16,400.64
1394,466,59,3,333.21,999.63
1395,467,42,4,191.33,765.32
1396,467,67,5,100.16,500.8
1397,467,57,1,499.14,499.14
1398,468,83,1,221.74,221.74
1399,468,82,1,37.13,37.13
1400,468,89,1,10.32,10.32
1401,468,88,4,217.23,868.92
1402,468,77,3,443.9,1331.7
1403,469,47,2,141.86,283.72
1404,469,91,4,477.57,1910.28
1405,470,27,1,88.34,88.34
1406,470,86,5,494.63,2473.15
1407,470,22,5,76.41,382.05
1408,471,23,4,183.93,735.72
1409,471,92,2,190.19,380.38
1410,472,33,1,253.44,253.44
1411,472,49,5,147,735
1412,472,20,3,416.98,1250.94
1413,473,39,4,219.73,878.92
1414,473,26,3,394.39,1183.17
1415,473,40,4,110.47,441.88
1416,473,40,4,110.47,441.88
1417,473,15,5,313.97,1569.85
1418,474,58,5,428.11,2140.55
1419,475,12,1,30.92,30.92
1420,475,36,4,99.41,397.64
1421,475,1,5,454.89,2274.45
1422,475,35,1,381.12,381.12
1423,476,80,1,45.91,45.91
1424,476,81,4,398.83,1595.32
1425,476,53,4,311.77,1247.08
1426,476,80,5,45.91,229.55
1427,477,22,4,76.41,305.64
1428,478,71,1,187.86,187.86
1429,478,16,2,228.13,456.26
1430,478,71,1,187.86,187.86
1431,479,39,3,219.73,659.19
1432,479,69,4,337.69,1350.76
1433,480,80,3,45.91,137.73
1434,480,34,5,42.91,214.55
1435,480,67,4,100.16,400.64
1436,481,63,1,354.62,354.62
1437,481,32,4,483.77,1935.08
1438,481,98,2,183.42,366.84
1439,481,48,3,131.55,394.65
1440,481,75,5,154.64,773.2
1441,482,17,2,202.61,405.22
1442,482,15,4,313.97,1255.88
1443,482,78,3,413,1239
1444,482,61,4,255.46,1021.84
1445,482,28,3,247.58,742.74
1446,483,30,3,368.75,1106.25
1447,483,9,5,425.88,2129.4
1448,483,41,3,454.67,1364.01
1449,483,97,5,426.68,2133.4
1450,483,41,4,454.67,1818.68
1451,484,43,2,340.5,681
1452,484,45,3,400.54,1201.62
1453,485,99,2,499.53,999.06
1454,485,32,3,483.77,1451.31
1455,485,44,5,47.57,237.85
1456,485,97,4,426.68,1706.72
1457,486,91,5,477.57,2387.85
1458,486,35,2,381.12,762.24
1459,486,81,3,398.83,1196.49
1460,487,92,3,190.19,570.57
1461,487,19,3,369.83,1109.49
1462,487,7,2,48.47,96.94
1463,488,46,1,228.95,228.95
1464,488,75,3,154.64,463.92
1465,488,90,2,409.02,818.04
1466,489,55,2,51.24,102.48
1467,490,78,4,413,1652
1468,490,86,3,494.63,1483.89
1469,490,65,4,16.77,67.08
1470,490,17,5,202.61,1013.05
1471,491,77,4,443.9,1775.6
1472,491,6,5,141.25,706.25
1473,492,17,2,202.61,405.22
1474,493,15,1,313.97,313.97
1475,493,36,2,99.41,198.82
1476,493,3,3,364.18,1092.54
1477,494,80,5,45.91,229.55
1478,494,13,2,136.98,273.96
1479,495,96,3,448.7,1346.1
1480,495,34,3,42.91,128.73
1481,495,74,1,403.75,403.75
1482,495,54,2,349.21,698.42
1483,496,91,1,477.57,477.57
1484,496,87,3,490.81,1472.43
1485,496,22,4,76.41,305.64
1486,496,33,4,253.44,1013.76
1487,496,78,3,413,1239
1488,497,85,4,106.64,426.56
1489,498,23,5,183.93,919.65
1490,499,78,4,413,1652
1491,499,91,2,477.57,955.14
1492,499,37,4,217.5,870
1493,499,33,5,253.44,1267.2
1494,499,71,4,187.86,751.44
1495,500,20,2,416.98,833.96
1496,500,54,2,349.21,698.42
1497,501,78,4,413,1652
1498,501,67,1,100.16,100.16
1499,502,62,2,47.71,95.42
1500,503,35,2,381.12,762.24
1501,504,23,4,183.93,735.72
1502,505,67,2,100.16,200.32
1503,505,20,4,416.98,1667.92
1504,505,71,4,187.86,751.44
1505,506,63,5,354.62,1773.1
1506,506,70,2,84.61,169.22
1507,506,87,1,490.81,490.81
1508,506,92,4,190.19,760.76
1509,507,43,2,340.5,681
1510,507,51,1,402.95,402.95
1511,507,77,4,443.9,1775.6
1512,507,34,2,42.91,85.82
1513,507,40,1,110.47,110.47
1514,508,52,5,25.25,126.25
1515,508,38,5,240.22,1201.1
1516,508,47,3,141.86,425.58
1517,508,99,3,499.53,1498.59
1518,509,50,1,120.6,120.6
1519,509,54,3,349.21,1047.63
1520,509,1,4,454.89,1819.56
1521,510,88,5,217.23,1086.15
1522,510,86,2,494.63,989.26
1523,510,67,3,100.16,300.48
1524,511,50,2,120.6,241.2
1525,511,58,4,428.11,1712.44
1526,511,89,3,10.32,30.96
1527,511,2,2,312.33,624.66
1528,511,12,3,30.92,92.76
1529,512,32,2,483.77,967.54
1530,512,14,2,240.71,481.42
1531,513,28,3,247.58,742.74
1532,513,43,5,340.5,1702.5
1533,513,76,5,19.77,98.85
1534,513,73,4,62.76,251.04
1535,514,62,3,47.71,143.13
1536,514,96,5,448.7,2243.5
1537,515,31,4,471.46,1885.84
1538,516,82,2,37.13,74.26
1539,516,80,5,45.91,229.55
1540,517,49,4,147,588
1541,518,37,4,217.5,870
1542,518,6,5,141.25,706.25
1543,518,73,1,62.76,62.76
1544,518,96,4,448.7,1794.8
1545,519,17,2,202.61,405.22
1546,520,25,5,357.67,1788.35
1547,521,99,5,499.53,2497.65
1548,521,51,2,402.95,805.9
1549,522,8,5,150.19,750.95
1550,522,7,1,48.47,48.47
1551,522,29,2,105.64,211.28
1552,522,74,5,403.75,2018.75
1553,522,21,2,100.78,201.56
1554,523,87,5,490.81,2454.05
1555,523,71,5,187.86,939.3
1556,523,98,2,183.42,366.84
1557,523,75,4,154.64,618.56
1558,524,16,1,228.13,228.13
1559,525,9,5,425.88,2129.4
1560,525,99,4,499.53,1998.12
1561,526,28,2,247.58,495.16
1562,526,32,3,483.77,1451.31
1563,526,1,3,454.89,1364.67
1564,526,49,1,147,147
1565,527,73,3,62.76,188.28
1566,527,43,4,340.5,1362
1567,527,28,3,247.58,742.74
1568,527,63,2,354.62,709.24
1569,527,87,1,490.81,490.81
1570,528,54,1,349.21,349.21
1571,528,96,1,448.7,448.7
1572,528,62,5,47.71,238.55
1573,528,32,5,483.77,2418.85
1574,529,42,3,191.33,573.99
1575,529,37,4,217.5,870
1576,530,21,2,100.78,201.56
1577,530,53,5,311.77,1558.85
1578,531,35,3,381.12,1143.36
1579,531,73,2,62.76,125.52
1580,531,86,4,494.63,1978.52
1581,532,20,3,416.98,1250.94
1582,532,3,5,364.18,1820.9
1583,533,3,5,364.18,1820.9
1584,533,12,5,30.92,154.6
1585,533,31,1,471.46,471.46
1586,534,60,2,421.43,842.86
1587,534,5,5,385.93,1929.65
1588,534,35,2,381.12,762.24
1589,534,10,3,319.9,959.7
1590,534,83,3,221.74,665.22
1591,535,71,5,187.86,939.3
1592,535,8,3,150.19,450.57
1593,536,40,4,110.47,441.88
1594,537,79,3,399.16,1197.48
1595,537,64,3,55.78,167.34
1596,537,96,5,448.7,2243.5
1597,537,78,5,413,2065
1598,537,56,2,295.16,590.32
1599,538,67,2,100.16,200.32
1600,538,44,4,47.57,190.28
1601,538,25,2,357.67,715.34
1602,538,74,4,403.75,1615
1603,538,20,3,416.98,1250.94
1604,539,23,5,183.93,919.65
1605,539,39,1,219.73,219.73
1606,539,88,1,217.23,217.23
1607,539,55,4,51.24,204.96
1608,540,94,1,19.69,19.69
1609,541,36,5,99.41,497.05
1610,541,38,4,240.22,960.88
1611,541,60,4,421.43,1685.72
1612,541,85,5,106.64,533.2
1613,541,69,4,337.69,1350.76
1614,542,66,3,146.96,440.88
1615,543,39,3,219.73,659.19
1616,543,58,3,428.11,1284.33
1617,544,66,5,146.96,734.8
1618,544,18,2,52.81,105.62
1619,545,57,1,499.14,499.14
1620,545,23,2,183.93,367.86
1621,545,18,2,52.81,105.62
1622,546,30,3,368.75,1106.25
1623,546,66,2,146.96,293.92
1624,546,14,2,240.71,481.42
1625,546,44,2,47.57,95.14
1626,547,97,1,426.68,426.68
1627,547,77,1,443.9,443.9
1628,548,2,1,312.33,312.33
1629,548,39,4,219.73,878.92
1630,548,20,5,416.98,2084.9
1631,548,42,4,191.33,765.32
1632,549,96,4,448.7,1794.8
1633,550,15,3,313.97,941.91
1634,550,85,1,106.64,106.64
1635,551,48,5,131.55,657.75
1636,551,37,2,217.5,435
1637,551,94,4,19.69,78.76
1638,551,92,5,190.19,950.95
1639,551,15,1,313.97,313.97
1640,552,12,4,30.92,123.68
1641,552,76,3,19.77,59.31
1642,552,38,4,240.22,960.88
1643,552,30,2,368.75,737.5
1644,553,45,3,400.54,1201.62
1645,553,67,2,100.16,200.32
1646,553,15,5,313.97,1569.85
1647,553,43,5,340.5,1702.5
1648,553,23,4,183.93,735.72
1649,554,93,3,483.5,1450.5
1650,554,19,1,369.83,369.83
1651,554,27,5,88.34,441.7
1652,554,63,4,354.62,1418.48
1653,554,50,3,120.6,361.8
1654,555,57,5,499.14,2495.7
1655,555,12,2,30.92,61.84
1656,556,95,1,410.86,410.86
1657,556,47,5,141.86,709.3
1658,556,89,5,10.32,51.6
1659,556,57,5,499.14,2495.7
1660,556,76,5,19.77,98.85
1661,557,75,2,154.64,309.28
1662,558,34,4,42.91,171.64
1663,558,75,5,154.64,773.2
1664,558,39,3,219.73,659.19
1665,558,9,1,425.88,425.88
1666,559,69,2,337.69,675.38
1667,560,77,2,443.9,887.8
1668,561,76,3,19.77,59.31
1669,561,57,1,499.14,499.14
1670,561,55,5,51.24,256.2
1671,561,43,2,340.5,681
1672,562,3,5,364.18,1820.9
1673,562,7,3,48.47,145.41
1674,562,71,1,187.86,187.86
1675,562,97,2,426.68,853.36
1676,562,17,2,202.61,405.22
1677,563,66,3,146.96,440.88
1678,563,48,2,131.55,263.1
1679,564,54,4,349.21,1396.84
1680,565,41,5,454.67,2273.35
1681,566,67,1,100.16,100.16
1682,566,44,4,47.57,190.28
1683,566,39,5,219.73,1098.65
1684,567,51,1,402.95,402.95
1685,568,3,1,364.18,364.18
1686,568,90,4,409.02,1636.08
1687,568,43,3,340.5,1021.5
1688,569,14,5,240.71,1203.55
1689,569,92,3,190.19,570.57
1690,569,2,5,312.33,1561.65
1691,570,39,2,219.73,439.46
1692,570,99,4,499.53,1998.12
1693,570,82,5,37.13,185.65
1694,571,64,4,55.78,223.12
1695,571,28,1,247.58,247.58
1696,571,87,4,490.81,1963.24
1697,572,12,1,30.92,30.92
1698,573,61,1,255.46,255.46
1699,573,13,3,136.98,410.94
1700,573,46,5,228.95,1144.75
1701,573,2,1,312.33,312.33
1702,573,42,5,191.33,956.65
1703,574,2,2,312.33,624.66
1704,574,14,2,240.71,481.42
1705,574,12,4,30.92,123.68
1706,574,44,4,47.57,190.28
1707,575,68,3,358.02,1074.06
1708,575,34,3,42.91,128.73
1709,575,49,4,147,588
1710,575,34,4,42.91,171.64
1711,575,29,3,105.64,316.92
1712,576,92,2,190.19,380.38
1713,576,18,5,52.81,264.05
1714,576,19,4,369.83,1479.32
1715,576,63,4,354.62,1418.48
1716,577,85,5,106.64,533.2
1717,577,90,2,409.02,818.04
1718,577,56,3,295.16,885.48
1719,577,30,5,368.75,1843.75
1720,577,50,2,120.6,241.2
1721,578,24,5,58.3,291.5
1722,578,52,3,25.25,75.75
1723,579,80,5,45.91,229.55
1724,579,92,1,190.19,190.19
1725,579,42,4,191.33,765.32
1726,580,55,4,51.24,204.96
1727,580,49,1,147,147
1728,580,15,5,313.97,1569.85
1729,580,16,2,228.13,456.26
1730,581,91,3,477.57,1432.71
1731,581,67,5,100.16,500.8
1732,581,20,3,416.98,1250.94
1733,581,31,3,471.46,1414.38
1734,581,30,2,368.75,737.5
1735,582,9,2,425.88,851.76
1736,582,30,3,368.75,1106.25
1737,582,27,2,88.34,176.68
1738,582,30,4,368.75,1475
1739,583,12,4,30.92,123.68
1740,583,79,2,399.16,798.32
1741,584,12,3,30.92,92.76
1742,584,29,4,105.64,422.56
1743,584,15,5,313.97,1569.85
1744,584,40,2,110.47,220.94
1745,584,43,4,340.5,1362
1746,585,27,2,88.34,176.68
1747,585,81,1,398.83,398.83
1748,586,88,4,217.23,868.92
1749,586,12,1,30.92,30.92
1750,586,91,1,477.57,477.57
1751,587,9,2,425.88,851.76
1752,587,20,5,416.98,2084.9
1753,588,70,4,84.61,338.44
1754,588,32,4,483.77,1935.08
1755,589,68,3,358.02,1074.06
1756,590,22,3,76.41,229.23
1757,591,91,3,477.57,1432.71
1758,591,90,3,409.02,1227.06
1759,591,83,4,221.74,886.96
1760,592,14,1,240.71,240.71
1761,593,43,3,340.5,1021.5
1762,593,82,1,37.13,37.13
1763,594,24,3,58.3,174.9
1764,594,56,4,295.16,1180.64
1765,594,60,1,421.43,421.43
1766,594,16,4,228.13,912.52
1767,594,76,3,19.77,59.31
1768,595,75,2,154.64,309.28
1769,595,24,4,58.3,233.2
1770,596,37,1,217.5,217.5
1771,596,83,1,221.74,221.74
1772,596,81,1,398.83,398.83
1773,597,67,4,100.16,400.64
1774,597,21,1,100.78,100.78
1775,597,84,1,111.97,111.97
1776,598,45,3,400.54,1201.62
1777,599,80,3,45.91,137.73
1778,599,100,3,378.35,1135.05
1779,599,12,4,30.92,123.68
1780,599,36,5,99.41,497.05
1781,599,77,3,443.9,1331.7
1782,600,96,1,448.7,448.7
1783,601,28,1,247.58,247.58
1784,601,25,2,357.67,715.34
1785,601,89,3,10.32,30.96
1786,602,88,4,217.23,868.92
1787,602,1,4,454.89,1819.56
1788,602,8,4,150.19,600.76
1789,602,37,3,217.5,652.5
1790,602,38,3,240.22,720.66
1791,603,77,3,443.9,1331.7
1792,603,21,3,100.78,302.34
1793,603,22,4,76.41,305.64
1794,603,79,5,399.16,1995.8
1795,604,24,4,58.3,233.2
1796,604,16,3,228.13,684.39
1797,604,37,3,217.5,652.5
1798,604,3,2,364.18,728.36
1799,605,62,5,47.71,238.55
1800,605,34,4,42.91,171.64
1801,605,81,5,398.83,1994.15
1802,606,75,3,154.64,463.92
1803,607,64,1,55.78,55.78
1804,607,27,2,88.34,176.68
1805,607,5,3,385.93,1157.79
1806,607,48,3,131.55,394.65
1807,607,26,3,394.39,1183.17
1808,608,50,4,120.6,482.4
1809,608,77,2,443.9,887.8
1810,608,19,2,369.83,739.66
1811,609,92,3,190.19,570.57
1812,609,60,3,421.43,1264.29
1813,609,63,1,354.62,354.62
1814,610,88,2,217.23,434.46
1815,611,19,4,369.83,1479.32
1816,612,61,5,255.46,1277.3
1817,612,9,2,425.88,851.76
1818,612,39,1,219.73,219.73
1819,613,27,5,88.34,441.7
1820,613,6,2,141.25,282.5
1821,613,54,2,349.21,698.42
1822,613,5,3,385.93,1157.79
1823,613,70,5,84.61,423.05
1824,614,1,2,454.89,909.78
1825,614,64,4,55.78,223.12
1826,615,61,4,255.46,1021.84
1827,615,15,1,313.97,313.97
1828,615,17,2,202.61,405.22
1829,615,85,3,106.64,319.92
1830,615,37,3,217.5,652.5
1831,616,82,3,37.13,111.39
1832,617,99,4,499.53,1998.12
1833,617,43,3,340.5,1021.5
1834,618,62,3,47.71,143.13
1835,618,30,2,368.75,737.5
1836,618,64,1,55.78,55.78
1837,619,40,5,110.47,552.35
1838,619,69,2,337.69,675.38
1839,619,64,5,55.78,278.9
1840,619,6,4,141.25,565
1841,620,13,4,136.98,547.92
1842,620,2,1,312.33,312.33
1843,620,69,1,337.69,337.69
1844,621,86,2,494.63,989.26
1845,621,61,5,255.46,1277.3
1846,621,44,4,47.57,190.28
1847,621,80,4,45.91,183.64
1848,621,84,5,111.97,559.85
1849,622,2,2,312.33,624.66
1850,622,58,2,428.11,856.22
1851,622,73,3,62.76,188.28
1852,622,75,3,154.64,463.92
1853,623,8,5,150.19,750.95
1854,623,79,1,399.16,399.16
1855,623,55,3,51.24,153.72
1856,624,18,5,52.81,264.05
1857,625,8,2,150.19,300.38
1858,625,77,5,443.9,2219.5
1859,625,47,2,141.86,283.72
1860,626,100,3,378.35,1135.05
1861,626,45,1,400.54,400.54
1862,626,6,2,141.25,282.5
1863,626,90,2,409.02,818.04
1864,627,83,3,221.74,665.22
1865,628,99,4,499.53,1998.12
1866,628,66,3,146.96,440.88
1867,629,56,5,295.16,1475.8
1868,629,56,4,295.16,1180.64
1869,630,50,2,120.6,241.2
1870,630,50,3,120.6,361.8
1871,631,92,4,190.19,760.76
1872,631,59,5,333.21,1666.05
1873,632,15,5,313.97,1569.85
1874,632,91,4,477.57,1910.28
1875,632,72,4,55.86,223.44
1876,632,5,1,385.93,385.93
1877,632,54,5,349.21,1746.05
1878,633,37,4,217.5,870
1879,633,68,2,358.02,716.04
1880,633,34,5,42.91,214.55
1881,634,15,3,313.97,941.91
1882,634,88,4,217.23,868.92
1883,634,38,1,240.22,240.22
1884,635,28,2,247.58,495.16
1885,635,36,4,99.41,397.64
1886,636,6,3,141.25,423.75
1887,636,79,3,399.16,1197.48
1888,636,42,3,191.33,573.99
1889,636,10,2,319.9,639.8
1890,637,8,5,150.19,750.95
1891,638,72,2,55.86,111.72
1892,638,84,5,111.97,559.85
1893,638,100,1,378.35,378.35
1894,638,56,3,295.16,885.48
1895,639,31,5,471.46,2357.3
1896,639,61,1,255.46,255.46
1897,639,37,5,217.5,1087.5
1898,639,88,4,217.23,868.92
1899,639,52,3,25.25,75.75
1900,640,64,3,55.78,167.34
1901,640,98,5,183.42,917.1
1902,640,10,3,319.9,959.7
1903,640,22,4,76.41,305.64
1904,641,86,1,494.63,494.63
1905,641,76,4,19.77,79.08
1906,641,52,1,25.25,25.25
1907,641,12,2,30.92,61.84
1908,641,22,4,76.41,305.64
1909,642,34,5,42.91,214.55
1910,643,35,1,381.12,381.12
1911,644,81,3,398.83,1196.49
1912,644,31,1,471.46,471.46
1913,644,43,5,340.5,1702.5
1914,645,35,2,381.12,762.24
1915,645,14,4,240.71,962.84
1916,646,50,1,120.6,120.6
1917,646,60,4,421.43,1685.72
1918,646,74,1,403.75,403.75
1919,646,31,2,471.46,942.92
1920,646,96,5,448.7,2243.5
1921,647,54,3,349.21,1047.63
1922,648,5,4,385.93,1543.72
1923,648,71,1,187.86,187.86
1924,649,82,3,37.13,111.39
1925,649,55,5,51.24,256.2
1926,649,84,2,111.97,223.94
1927,649,49,4,147,588
1928,649,16,3,228.13,684.39
1929,650,77,2,443.9,887.8
1930,650,18,4,52.81,211.24
1931,651,1,1,454.89,454.89
1932,651,92,4,190.19,760.76
1933,652,83,1,221.74,221.74
1934,652,81,4,398.83,1595.32
1935,652,36,1,99.41,99.41
1936,653,97,4,426.68,1706.72
1937,653,9,5,425.88,2129.4
1938,653,17,1,202.61,202.61
1939,653,10,2,319.9,639.8
1940,653,56,4,295.16,1180.64
1941,654,79,2,399.16,798.32
1942,654,88,2,217.23,434.46
1943,654,20,5,416.98,2084.9
1944,654,13,4,136.98,547.92
1945,654,49,5,147,735
1946,655,39,4,219.73,878.92
1947,655,22,3,76.41,229.23
1948,655,13,2,136.98,273.96
1949,656,60,2,421.43,842.86
1950,656,97,1,426.68,426.68
1951,656,37,2,217.5,435
1952,656,50,1,120.6,120.6
1953,657,9,4,425.88,1703.52
1954,657,22,1,76.41,76.41
1955,657,82,5,37.13,185.65
1956,657,41,1,454.67,454.67
1957,658,100,5,378.35,1891.75
1958,659,36,1,99.41,99.41
1959,659,99,4,499.53,1998.12
1960,659,20,1,416.98,416.98
1961,659,18,5,52.81,264.05
1962,660,56,2,295.16,590.32
1963,660,86,5,494.63,2473.15
1964,661,61,5,255.46,1277.3
1965,661,22,3,76.41,229.23
1966,661,62,5,47.71,238.55
1967,661,3,2,364.18,728.36
1968,662,14,2,240.71,481.42
1969,663,98,1,183.42,183.42
1970,663,9,3,425.88,1277.64
1971,663,22,3,76.41,229.23
1972,663,5,3,385.93,1157.79
1973,664,28,5,247.58,1237.9
1974,664,91,5,477.57,2387.85
1975,664,94,1,19.69,19.69
1976,664,61,5,255.46,1277.3
1977,664,29,2,105.64,211.28
1978,665,64,3,55.78,167.34
1979,665,73,2,62.76,125.52
1980,665,40,2,110.47,220.94
1981,665,20,3,416.98,1250.94
1982,666,11,5,256.57,1282.85
1983,666,79,3,399.16,1197.48
1984,667,21,3,100.78,302.34
1985,667,62,3,47.71,143.13
1986,667,20,1,416.98,416.98
1987,667,23,4,183.93,735.72
1988,667,57,3,499.14,1497.42
1989,668,11,2,256.57,513.14
1990,668,15,1,313.97,313.97
1991,668,20,5,416.98,2084.9
1992,669,10,2,319.9,639.8
1993,669,77,5,443.9,2219.5
1994,670,44,2,47.57,95.14
1995,670,41,5,454.67,2273.35
1996,671,6,2,141.25,282.5
1997,672,3,3,364.18,1092.54
1998,672,70,5,84.61,423.05
1999,672,65,4,16.77,67.08
2000,672,56,5,295.16,1475.8
2001,672,2,1,312.33,312.33
2002,673,11,3,256.57,769.71
2003,673,68,4,358.02,1432.08
2004,673,7,3,48.47,145.41
2005,673,54,1,349.21,349.21
2006,674,21,4,100.78,403.12
2007,674,94,3,19.69,59.07
2008,674,26,2,394.39,788.78
2009,674,3,1,364.18,364.18
2010,674,56,2,295.16,590.32
2011,675,6,3,141.25,423.75
2012,676,63,2,354.62,709.24
2013,676,92,5,190.19,950.95
2014,677,31,2,471.46,942.92
2015,677,25,3,357.67,1073.01
2016,678,26,4,394.39,1577.56
2017,678,37,2,217.5,435
2018,678,22,5,76.41,382.05
2019,678,8,4,150.19,600.76
2020,679,88,1,217.23,217.23
2021,679,8,3,150.19,450.57
2022,679,85,2,106.64,213.28
2023,680,49,1,147,147
2024,680,5,5,385.93,1929.65
2025,681,56,3,295.16,885.48
2026,681,16,2,228.13,456.26
2027,681,72,4,55.86,223.44
2028,681,60,4,421.43,1685.72
2029,681,43,4,340.5,1362
2030,682,13,4,136.98,547.92
2031,682,95,1,410.86,410.86
2032,683,58,1,428.11,428.11
2033,683,11,2,256.57,513.14
2034,683,93,3,483.5,1450.5
2035,683,96,4,448.7,1794.8
2036,684,11,4,256.57,1026.28
2037,684,93,2,483.5,967
2038,684,29,3,105.64,316.92
2039,685,65,2,16.77,33.54
2040,685,52,3,25.25,75.75
2041,686,3,2,364.18,728.36
2042,686,12,4,30.92,123.68
2043,686,6,3,141.25,423.75
2044,686,56,1,295.16,295.16
2045,686,14,1,240.71,240.71
2046,687,27,5,88.34,441.7
2047,687,93,3,483.5,1450.5
2048,688,97,5,426.68,2133.4
2049,688,36,4,99.41,397.64
2050,688,38,4,240.22,960.88
2051,688,59,2,333.21,666.42
2052,688,98,2,183.42,366.84
2053,689,12,5,30.92,154.6
2054,689,21,3,100.78,302.34
2055,689,66,1,146.96,146.96
2056,690,21,3,100.78,302.34
2057,690,66,3,146.96,440.88
2058,690,23,2,183.93,367.86
2059,690,55,3,51.24,153.72
2060,690,4,3,268.05,804.15
2061,691,22,2,76.41,152.82
2062,691,19,5,369.83,1849.15
2063,691,75,1,154.64,154.64
2064,691,87,2,490.81,981.62
2065,691,33,2,253.44,506.88
2066,692,13,1,136.98,136.98
2067,692,59,4,333.21,1332.84
2068,692,39,5,219.73,1098.65
2069,692,56,3,295.16,885.48
2070,692,99,3,499.53,1498.59
2071,693,6,4,141.25,565
2072,693,35,5,381.12,1905.6
2073,694,34,5,42.91,214.55
2074,695,30,2,368.75,737.5
2075,696,64,3,55.78,167.34
2076,696,29,4,105.64,422.56
2077,697,13,5,136.98,684.9
2078,697,51,1,402.95,402.95
2079,697,33,1,253.44,253.44
2080,697,85,3,106.64,319.92
2081,697,30,3,368.75,1106.25
2082,698,37,1,217.5,217.5
2083,698,35,1,381.12,381.12
2084,698,85,1,106.64,106.64
2085,698,46,4,228.95,915.8
2086,699,60,2,421.43,842.86
2087,699,99,5,499.53,2497.65
2088,700,77,5,443.9,2219.5
2089,700,68,3,358.02,1074.06
2090,700,98,4,183.42,733.68
2091,700,42,2,191.33,382.66
2092,700,88,2,217.23,434.46
2093,701,50,4,120.6,482.4
2094,701,17,3,202.61,607.83
2095,701,86,2,494.63,989.26
2096,701,70,2,84.61,169.22
2097,701,85,1,106.64,106.64
2098,702,46,3,228.95,686.85
2099,702,97,3,426.68,1280.04
2100,702,69,5,337.69,1688.45
2101,703,64,2,55.78,111.56
2102,704,26,3,394.39,1183.17
2103,704,48,1,131.55,131.55
2104,704,57,4,499.14,1996.56
2105,705,42,5,191.33,956.65
2106,705,76,1,19.77,19.77
2107,705,24,4,58.3,233.2
2108,706,50,1,120.6,120.6
2109,706,2,3,312.33,936.99
2110,706,31,4,471.46,1885.84
2111,706,15,1,313.97,313.97
2112,706,9,5,425.88,2129.4
2113,707,38,5,240.22,1201.1
2114,707,34,2,42.91,85.82
2115,707,88,2,217.23,434.46
2116,708,65,2,16.77,33.54
2117,709,45,2,400.54,801.08
2118,709,59,4,333.21,1332.84
2119,709,55,3,51.24,153.72
2120,710,4,3,268.05,804.15
2121,711,37,5,217.5,1087.5
2122,711,2,3,312.33,936.99
2123,711,95,3,410.86,1232.58
2124,711,98,1,183.42,183.42
2125,711,32,4,483.77,1935.08
2126,712,4,5,268.05,1340.25
2127,712,18,2,52.81,105.62
2128,712,46,4,228.95,915.8
2129,713,16,3,228.13,684.39
2130,713,95,5,410.86,2054.3
2131,713,24,2,58.3,116.6
2132,713,56,4,295.16,1180.64
2133,713,18,1,52.81,52.81
2134,714,4,5,268.05,1340.25
2135,714,64,1,55.78,55.78
2136,714,43,2,340.5,681
2137,714,60,3,421.43,1264.29
2138,714,99,4,499.53,1998.12
2139,715,71,4,187.86,751.44
2140,716,27,5,88.34,441.7
2141,716,38,2,240.22,480.44
2142,716,51,1,402.95,402.95
2143,716,32,3,483.77,1451.31
2144,717,92,3,190.19,570.57
2145,717,60,2,421.43,842.86
2146,717,11,5,256.57,1282.85
2147,717,35,2,381.12,762.24
2148,718,87,3,490.81,1472.43
2149,719,5,1,385.93,385.93
2150,719,58,5,428.11,2140.55
2151,719,31,2,471.46,942.92
2152,720,21,4,100.78,403.12
2153,720,41,1,454.67,454.67
2154,720,56,1,295.16,295.16
2155,720,86,3,494.63,1483.89
2156,721,95,4,410.86,1643.44
2157,721,7,3,48.47,145.41
2158,721,62,1,47.71,47.71
2159,721,32,3,483.77,1451.31
2160,722,77,3,443.9,1331.7
2161,722,26,2,394.39,788.78
2162,722,74,4,403.75,1615
2163,723,49,2,147,294
2164,724,72,1,55.86,55.86
2165,724,98,1,183.42,183.42
2166,724,9,1,425.88,425.88
2167,724,43,3,340.5,1021.5
2168,724,51,3,402.95,1208.85
2169,725,100,4,378.35,1513.4
2170,725,40,4,110.47,441.88
2171,725,62,5,47.71,238.55
2172,726,54,5,349.21,1746.05
2173,726,28,1,247.58,247.58
2174,727,71,3,187.86,563.58
2175,727,9,3,425.88,1277.64
2176,727,49,1,147,147
2177,728,44,4,47.57,190.28
2178,728,77,3,443.9,1331.7
2179,728,57,2,499.14,998.28
2180,728,63,5,354.62,1773.1
2181,729,41,4,454.67,1818.68
2182,729,59,5,333.21,1666.05
2183,729,74,5,403.75,2018.75
2184,729,78,5,413,2065
2185,729,44,4,47.57,190.28
2186,730,21,3,100.78,302.34
2187,730,92,2,190.19,380.38
2188,730,62,1,47.71,47.71
2189,730,36,5,99.41,497.05
2190,731,48,3,131.55,394.65
2191,731,43,5,340.5,1702.5
2192,732,22,1,76.41,76.41
2193,732,70,5,84.61,423.05
2194,732,78,2,413,826
2195,732,70,4,84.61,338.44
2196,732,7,2,48.47,96.94
2197,733,50,5,120.6,603
2198,733,21,5,100.78,503.9
2199,733,21,4,100.78,403.12
2200,734,91,1,477.57,477.57
2201,734,44,1,47.57,47.57
2202,734,17,4,202.61,810.44
2203,734,56,2,295.16,590.32
2204,734,42,1,191.33,191.33
2205,735,35,3,381.12,1143.36
2206,735,39,1,219.73,219.73
2207,735,3,2,364.18,728.36
2208,735,90,1,409.02,409.02
2209,735,39,5,219.73,1098.65
2210,736,14,5,240.71,1203.55
2211,736,17,2,202.61,405.22
2212,736,76,1,19.77,19.77
2213,736,9,5,425.88,2129.4
2214,736,5,1,385.93,385.93
2215,737,25,2,357.67,715.34
2216,737,39,2,219.73,439.46
2217,738,79,4,399.16,1596.64
2218,738,89,2,10.32,20.64
2219,739,9,5,425.88,2129.4
2220,740,27,5,88.34,441.7
2221,740,7,3,48.47,145.41
2222,741,62,3,47.71,143.13
2223,741,78,2,413,826
2224,741,69,2,337.69,675.38
2225,741,43,3,340.5,1021.5
2226,742,8,4,150.19,600.76
2227,742,47,2,141.86,283.72
2228,742,12,5,30.92,154.6
2229,743,47,4,141.86,567.44
2230,743,18,2,52.81,105.62
2231,743,11,2,256.57,513.14
2232,744,13,5,136.98,684.9
2233,744,22,4,76.41,305.64
2234,744,48,1,131.55,131.55
2235,744,61,2,255.46,510.92
2236,744,19,3,369.83,1109.49
2237,745,11,5,256.57,1282.85
2238,745,61,1,255.46,255.46
2239,745,36,1,99.41,99.41
2240,745,73,5,62.76,313.8
2241,745,43,3,340.5,1021.5
2242,746,56,4,295.16,1180.64
2243,746,32,5,483.77,2418.85
2244,746,79,4,399.16,1596.64
2245,746,56,4,295.16,1180.64
2246,746,26,2,394.39,788.78
2247,747,16,5,228.13,1140.65
2248,748,11,1,256.57,256.57
2249,748,85,4,106.64,426.56
2250,748,69,3,337.69,1013.07
2251,749,49,3,147,441
2252,749,30,3,368.75,1106.25
2253,749,21,5,100.78,503.9
2254,750,49,2,147,294
2255,750,58,1,428.11,428.11
2256,750,30,4,368.75,1475
2257,750,56,1,295.16,295.16
2258,751,59,2,333.21,666.42
2259,751,11,3,256.57,769.71
2260,752,8,4,150.19,600.76
2261,752,46,4,228.95,915.8
2262,752,52,1,25.25,25.25
2263,752,36,2,99.41,198.82
2264,752,40,1,110.47,110.47
2265,753,7,1,48.47,48.47
2266,753,81,5,398.83,1994.15
2267,753,53,5,311.77,1558.85
2268,753,47,2,141.86,283.72
2269,754,60,2,421.43,842.86
2270,754,44,2,47.57,95.14
2271,755,7,1,48.47,48.47
2272,755,44,4,47.57,190.28
2273,755,88,5,217.23,1086.15
2274,755,58,2,428.11,856.22
2275,756,92,1,190.19,190.19
2276,756,22,5,76.41,382.05
2277,757,22,2,76.41,152.82
2278,757,53,2,311.77,623.54
2279,758,59,5,333.21,1666.05
2280,758,70,1,84.61,84.61
2281,758,49,1,147,147
2282,758,86,5,494.63,2473.15
2283,758,86,5,494.63,2473.15
2284,759,32,5,483.77,2418.85
2285,760,74,5,403.75,2018.75
2286,761,40,3,110.47,331.41
2287,762,2,1,312.33,312.33
2288,762,35,1,381.12,381.12
2289,762,64,4,55.78,223.12
2290,762,1,5,454.89,2274.45
2291,763,44,1,47.57,47.57
2292,763,11,4,256.57,1026.28
2293,764,8,2,150.19,300.38
2294,764,83,1,221.74,221.74
2295,764,7,3,48.47,145.41
2296,764,64,2,55.78,111.56
2297,765,52,1,25.25,25.25
2298,765,23,3,183.93,551.79
2299,765,72,3,55.86,167.58
2300,765,33,1,253.44,253.44
2301,766,47,1,141.86,141.86
2302,767,50,5,120.6,603
2303,767,21,5,100.78,503.9
2304,767,8,3,150.19,450.57
2305,767,56,3,295.16,885.48
2306,768,5,4,385.93,1543.72
2307,768,90,2,409.02,818.04
2308,769,84,3,111.97,335.91
2309,769,58,3,428.11,1284.33
2310,769,77,2,443.9,887.8
2311,769,68,3,358.02,1074.06
2312,769,66,2,146.96,293.92
2313,770,44,5,47.57,237.85
2314,770,48,3,131.55,394.65
2315,771,34,3,42.91,128.73
2316,772,23,4,183.93,735.72
2317,772,1,5,454.89,2274.45
2318,772,69,1,337.69,337.69
2319,772,2,5,312.33,1561.65
2320,773,15,4,313.97,1255.88
2321,773,5,3,385.93,1157.79
2322,773,9,2,425.88,851.76
2323,774,48,1,131.55,131.55
2324,774,20,5,416.98,2084.9
2325,774,85,4,106.64,426.56
2326,774,20,1,416.98,416.98
2327,775,36,2,99.41,198.82
2328,775,86,4,494.63,1978.52
2329,775,44,1,47.57,47.57
2330,776,44,3,47.57,142.71
2331,777,77,2,443.9,887.8
2332,777,32,2,483.77,967.54
2333,778,29,5,105.64,528.2
2334,778,60,2,421.43,842.86
2335,778,21,3,100.78,302.34
2336,778,33,4,253.44,1013.76
2337,778,63,4,354.62,1418.48
2338,779,54,2,349.21,698.42
2339,779,2,1,312.33,312.33
2340,779,71,2,187.86,375.72
2341,779,77,5,443.9,2219.5
2342,780,4,4,268.05,1072.2
2343,780,77,4,443.9,1775.6
2344,780,88,2,217.23,434.46
2345,780,32,4,483.77,1935.08
2346,780,65,1,16.77,16.77
2347,781,51,3,402.95,1208.85
2348,781,6,2,141.25,282.5
2349,782,2,5,312.33,1561.65
2350,782,32,2,483.77,967.54
2351,782,92,4,190.19,760.76
2352,782,16,4,228.13,912.52
2353,782,18,4,52.81,211.24
2354,783,87,5,490.81,2454.05
2355,783,36,2,99.41,198.82
2356,784,30,3,368.75,1106.25
2357,784,50,2,120.6,241.2
2358,784,88,5,217.23,1086.15
2359,784,36,5,99.41,497.05
2360,785,3,2,364.18,728.36
2361,785,61,2,255.46,510.92
2362,785,19,4,369.83,1479.32
2363,785,55,2,51.24,102.48
2364,786,80,1,45.91,45.91
2365,786,56,5,295.16,1475.8
2366,786,32,1,483.77,483.77
2367,786,29,3,105.64,316.92
2368,787,89,3,10.32,30.96
2369,787,83,2,221.74,443.48
2370,787,19,3,369.83,1109.49
2371,788,33,3,253.44,760.32
2372,789,65,4,16.77,67.08
2373,789,22,2,76.41,152.82
2374,789,96,1,448.7,448.7
2375,790,44,1,47.57,47.57
2376,790,50,5,120.6,603
2377,790,35,5,381.12,1905.6
2378,790,69,3,337.69,1013.07
2379,791,20,4,416.98,1667.92
2380,791,84,2,111.97,223.94
2381,791,62,2,47.71,95.42
2382,792,71,5,187.86,939.3
2383,793,18,3,52.81,158.43
2384,793,43,1,340.5,340.5
2385,793,100,2,378.35,756.7
2386,793,68,2,358.02,716.04
2387,794,17,2,202.61,405.22
2388,794,31,1,471.46,471.46
2389,794,16,4,228.13,912.52
2390,794,95,4,410.86,1643.44
2391,794,48,4,131.55,526.2
2392,795,90,5,409.02,2045.1
2393,796,50,3,120.6,361.8
2394,797,12,4,30.92,123.68
2395,797,92,1,190.19,190.19
2396,797,36,2,99.41,198.82
2397,798,89,4,10.32,41.28
2398,798,44,3,47.57,142.71
2399,799,46,4,228.95,915.8
2400,799,48,4,131.55,526.2
2401,799,38,3,240.22,720.66
2402,799,84,1,111.97,111.97
2403,800,72,2,55.86,111.72
2404,800,49,1,147,147
2405,800,35,1,381.12,381.12
2406,800,14,2,240.71,481.42
2407,801,11,5,256.57,1282.85
2408,801,20,2,416.98,833.96
2409,801,30,1,368.75,368.75
2410,801,61,3,255.46,766.38
2411,801,9,2,425.88,851.76
2412,802,81,2,398.83,797.66
2413,803,11,5,256.57,1282.85
2414,804,16,5,228.13,1140.65
2415,804,17,2,202.61,405.22
2416,804,62,1,47.71,47.71
2417,804,34,5,42.91,214.55
2418,805,34,3,42.91,128.73
2419,806,24,1,58.3,58.3
2420,807,18,2,52.81,105.62
2421,808,48,2,131.55,263.1
2422,808,73,5,62.76,313.8
2423,809,40,2,110.47,220.94
2424,809,21,3,100.78,302.34
2425,809,42,3,191.33,573.99
2426,809,25,3,357.67,1073.01
2427,810,22,4,76.41,305.64
2428,810,74,4,403.75,1615
2429,810,86,4,494.63,1978.52
2430,811,11,4,256.57,1026.28
2431,812,31,5,471.46,2357.3
2432,812,30,4,368.75,1475
2433,812,34,3,42.91,128.73
2434,812,10,4,319.9,1279.6
2435,813,66,3,146.96,440.88
2436,813,47,3,141.86,425.58
2437,813,97,1,426.68,426.68
2438,813,38,3,240.22,720.66
2439,814,71,3,187.86,563.58
2440,814,11,5,256.57,1282.85
2441,814,17,2,202.61,405.22
2442,815,96,1,448.7,448.7
2443,816,39,4,219.73,878.92
2444,816,87,3,490.81,1472.43
2445,816,52,5,25.25,126.25
2446,817,37,1,217.5,217.5
2447,817,10,2,319.9,639.8
2448,818,76,3,19.77,59.31
2449,818,87,4,490.81,1963.24
2450,819,75,5,154.64,773.2
2451,819,52,3,25.25,75.75
2452,819,9,3,425.88,1277.64
2453,819,14,1,240.71,240.71
2454,819,79,4,399.16,1596.64
2455,820,34,5,42.91,214.55
2456,820,53,1,311.77,311.77
2457,821,57,3,499.14,1497.42
2458,821,47,2,141.86,283.72
2459,822,86,5,494.63,2473.15
2460,822,5,4,385.93,1543.72
2461,822,61,4,255.46,1021.84
2462,822,79,5,399.16,1995.8
2463,822,88,5,217.23,1086.15
2464,823,13,4,136.98,547.92
2465,823,84,3,111.97,335.91
2466,823,67,4,100.16,400.64
2467,823,43,1,340.5,340.5
2468,824,63,2,354.62,709.24
2469,824,21,4,100.78,403.12
2470,824,32,3,483.77,1451.31
2471,825,89,3,10.32,30.96
2472,825,7,4,48.47,193.88
2473,825,60,2,421.43,842.86
2474,825,24,5,58.3,291.5
2475,826,87,3,490.81,1472.43
2476,826,55,5,51.24,256.2
2477,827,22,1,76.41,76.41
2478,827,54,2,349.21,698.42
2479,827,69,1,337.69,337.69
2480,827,17,2,202.61,405.22
2481,828,48,4,131.55,526.2
2482,828,32,3,483.77,1451.31
2483,828,84,4,111.97,447.88
2484,829,33,4,253.44,1013.76
2485,829,58,1,428.11,428.11
2486,829,70,1,84.61,84.61
2487,829,99,3,499.53,1498.59
2488,830,7,2,48.47,96.94
2489,830,63,2,354.62,709.24
2490,830,8,3,150.19,450.57
2491,830,97,2,426.68,853.36
2492,830,9,1,425.88,425.88
2493,831,75,3,154.64,463.92
2494,831,61,1,255.46,255.46
2495,831,67,2,100.16,200.32
2496,831,26,2,394.39,788.78
2497,831,92,3,190.19,570.57
2498,832,18,2,52.81,105.62
2499,833,13,5,136.98,684.9
2500,834,48,5,131.55,657.75
2501,834,39,3,219.73,659.19
2502,834,68,5,358.02,1790.1
2503,834,54,5,349.21,1746.05
2504,834,39,3,219.73,659.19
2505,835,20,5,416.98,2084.9
2506,835,75,1,154.64,154.64
2507,835,46,4,228.95,915.8
2508,835,23,2,183.93,367.86
2509,835,87,5,490.81,2454.05
2510,836,70,1,84.61,84.61
2511,836,50,4,120.6,482.4
2512,837,45,2,400.54,801.08
2513,837,39,1,219.73,219.73
2514,837,42,1,191.33,191.33
2515,837,56,2,295.16,590.32
2516,838,5,4,385.93,1543.72
2517,838,44,4,47.57,190.28
2518,838,31,1,471.46,471.46
2519,839,90,2,409.02,818.04
2520,839,52,4,25.25,101
2521,839,60,3,421.43,1264.29
2522,839,41,5,454.67,2273.35
2523,840,63,1,354.62,354.62
2524,841,29,1,105.64,105.64
2525,841,82,4,37.13,148.52
2526,841,53,3,311.77,935.31
2527,841,67,4,100.16,400.64
2528,841,83,1,221.74,221.74
2529,842,9,1,425.88,425.88
2530,842,45,3,400.54,1201.62
2531,842,77,1,443.9,443.9
2532,842,75,5,154.64,773.2
2533,842,22,1,76.41,76.41
2534,843,74,1,403.75,403.75
2535,844,52,5,25.25,126.25
2536,844,6,5,141.25,706.25
2537,845,76,5,19.77,98.85
2538,846,33,2,253.44,506.88
2539,846,4,4,268.05,1072.2
2540,846,100,4,378.35,1513.4
2541,846,51,3,402.95,1208.85
2542,847,44,3,47.57,142.71
2543,847,34,5,42.91,214.55
2544,847,10,3,319.9,959.7
2545,848,55,2,51.24,102.48
2546,848,13,1,136.98,136.98
2547,849,8,3,150.19,450.57
2548,849,14,5,240.71,1203.55
2549,849,59,4,333.21,1332.84
2550,849,88,4,217.23,868.92
2551,849,63,1,354.62,354.62
2552,850,57,1,499.14,499.14
2553,850,63,5,354.62,1773.1
2554,850,56,4,295.16,1180.64
2555,851,22,2,76.41,152.82
2556,851,10,2,319.9,639.8
2557,851,63,1,354.62,354.62
2558,851,5,1,385.93,385.93
2559,851,54,5,349.21,1746.05
2560,852,85,5,106.64,533.2
2561,852,46,2,228.95,457.9
2562,852,73,3,62.76,188.28
2563,852,38,1,240.22,240.22
2564,852,77,5,443.9,2219.5
2565,853,60,1,421.43,421.43
2566,854,28,2,247.58,495.16
2567,855,52,4,25.25,101
2568,856,28,1,247.58,247.58
2569,856,65,5,16.77,83.85
2570,856,63,5,354.62,1773.1
2571,856,57,3,499.14,1497.42
2572,856,51,4,402.95,1611.8
2573,857,66,3,146.96,440.88
2574,857,86,4,494.63,1978.52
2575,857,47,3,141.86,425.58
2576,857,17,1,202.61,202.61
2577,857,83,3,221.74,665.22
2578,858,21,3,100.78,302.34
2579,858,4,4,268.05,1072.2
2580,858,99,4,499.53,1998.12
2581,859,29,1,105.64,105.64
2582,859,3,5,364.18,1820.9
2583,859,25,3,357.67,1073.01
2584,859,64,5,55.78,278.9
2585,859,53,3,311.77,935.31
2586,860,48,1,131.55,131.55
2587,860,72,4,55.86,223.44
2588,861,32,5,483.77,2418.85
2589,862,47,3,141.86,425.58
2590,862,6,4,141.25,565
2591,863,48,3,131.55,394.65
2592,863,50,4,120.6,482.4
2593,864,19,4,369.83,1479.32
2594,865,64,5,55.78,278.9
2595,865,65,4,16.77,67.08
2596,865,22,2,76.41,152.82
2597,866,33,2,253.44,506.88
2598,866,10,5,319.9,1599.5
2599,867,52,1,25.25,25.25
2600,867,54,3,349.21,1047.63
2601,867,72,1,55.86,55.86
2602,867,86,4,494.63,1978.52
2603,867,42,1,191.33,191.33
2604,868,82,3,37.13,111.39
2605,868,26,2,394.39,788.78
2606,869,30,3,368.75,1106.25
2607,869,40,2,110.47,220.94
2608,870,1,4,454.89,1819.56
2609,871,34,2,42.91,85.82
2610,871,29,1,105.64,105.64
2611,871,87,4,490.81,1963.24
2612,871,70,1,84.61,84.61
2613,871,99,3,499.53,1498.59
2614,872,64,5,55.78,278.9
2615,872,83,5,221.74,1108.7
2616,872,40,3,110.47,331.41
2617,873,63,3,354.62,1063.86
2618,873,8,1,150.19,150.19
2619,873,32,5,483.77,2418.85
2620,874,59,1,333.21,333.21
2621,874,17,5,202.61,1013.05
2622,875,87,5,490.81,2454.05
2623,876,12,3,30.92,92.76
2624,876,95,1,410.86,410.86
2625,876,7,3,48.47,145.41
2626,876,85,1,106.64,106.64
2627,877,33,2,253.44,506.88
2628,878,99,3,499.53,1498.59
2629,878,9,3,425.88,1277.64
2630,879,94,5,19.69,98.45
2631,880,19,3,369.83,1109.49
2632,881,63,4,354.62,1418.48
2633,881,100,2,378.35,756.7
2634,882,67,3,100.16,300.48
2635,882,57,3,499.14,1497.42
2636,882,46,4,228.95,915.8
2637,882,21,5,100.78,503.9
2638,882,52,3,25.25,75.75
2639,883,99,1,499.53,499.53
2640,884,4,2,268.05,536.1
2641,884,60,3,421.43,1264.29
2642,884,20,1,416.98,416.98
2643,884,64,5,55.78,278.9
2644,884,48,4,131.55,526.2
2645,885,88,4,217.23,868.92
2646,885,13,3,136.98,410.94
2647,885,84,2,111.97,223.94
2648,885,41,4,454.67,1818.68
2649,885,72,2,55.86,111.72
2650,886,95,3,410.86,1232.58
2651,886,87,4,490.81,1963.24
2652,886,26,1,394.39,394.39
2653,887,81,1,398.83,398.83
2654,887,1,5,454.89,2274.45
2655,887,7,4,48.47,193.88
2656,887,82,4,37.13,148.52
2657,887,36,2,99.41,198.82
2658,888,45,2,400.54,801.08
2659,888,76,1,19.77,19.77
2660,888,98,4,183.42,733.68
2661,888,12,4,30.92,123.68
2662,889,36,4,99.41,397.64
2663,889,59,2,333.21,666.42
2664,889,87,4,490.81,1963.24
2665,889,97,3,426.68,1280.04
2666,889,79,2,399.16,798.32
2667,890,75,2,154.64,309.28
2668,890,42,2,191.33,382.66
2669,890,93,5,483.5,2417.5
2670,890,86,5,494.63,2473.15
2671,890,16,1,228.13,228.13
2672,891,62,3,47.71,143.13
2673,892,67,4,100.16,400.64
2674,892,2,3,312.33,936.99
2675,892,100,3,378.35,1135.05
2676,892,1,2,454.89,909.78
2677,893,5,1,385.93,385.93
2678,893,52,5,25.25,126.25
2679,894,79,1,399.16,399.16
2680,894,59,5,333.21,1666.05
2681,894,62,1,47.71,47.71
2682,895,19,3,369.83,1109.49
2683,895,56,2,295.16,590.32
2684,896,69,2,337.69,675.38
2685,896,27,5,88.34,441.7
2686,896,62,3,47.71,143.13
2687,896,10,4,319.9,1279.6
2688,896,29,3,105.64,316.92
2689,897,12,4,30.92,123.68
2690,897,8,1,150.19,150.19
2691,897,14,2,240.71,481.42
2692,897,14,4,240.71,962.84
2693,897,64,4,55.78,223.12
2694,898,52,3,25.25,75.75
2695,899,16,4,228.13,912.52
2696,899,10,4,319.9,1279.6
2697,899,25,2,357.67,715.34
2698,899,90,5,409.02,2045.1
2699,899,70,1,84.61,84.61
2700,900,37,5,217.5,1087.5
2701,900,76,1,19.77,19.77
2702,900,13,3,136.98,410.94
2703,900,83,2,221.74,443.48
2704,900,92,1,190.19,190.19
2705,901,15,2,313.97,627.94
2706,901,76,5,19.77,98.85
2707,902,97,2,426.68,853.36
2708,902,87,5,490.81,2454.05
2709,902,5,1,385.93,385.93
2710,902,87,5,490.81,2454.05
2711,903,30,3,368.75,1106.25
2712,903,33,2,253.44,506.88
2713,903,27,5,88.34,441.7
2714,903,91,3,477.57,1432.71
2715,903,34,4,42.91,171.64
2716,904,85,3,106.64,319.92
2717,904,1,4,454.89,1819.56
2718,904,60,2,421.43,842.86
2719,904,1,5,454.89,2274.45
2720,904,22,5,76.41,382.05
2721,905,16,4,228.13,912.52
2722,905,15,2,313.97,627.94
2723,906,70,3,84.61,253.83
2724,906,76,4,19.77,79.08
2725,907,43,1,340.5,340.5
2726,907,90,1,409.02,409.02
2727,908,15,2,313.97,627.94
2728,908,5,3,385.93,1157.79
2729,908,2,3,312.33,936.99
2730,908,42,4,191.33,765.32
2731,908,45,3,400.54,1201.62
2732,909,17,1,202.61,202.61
2733,909,38,4,240.22,960.88
2734,909,94,5,19.69,98.45
2735,909,51,1,402.95,402.95
2736,909,82,2,37.13,74.26
2737,910,53,5,311.77,1558.85
2738,911,50,1,120.6,120.6
2739,911,64,4,55.78,223.12
2740,911,50,1,120.6,120.6
2741,911,69,5,337.69,1688.45
2742,912,53,5,311.77,1558.85
2743,912,25,3,357.67,1073.01
2744,912,84,3,111.97,335.91
2745,912,70,2,84.61,169.22
2746,912,64,1,55.78,55.78
2747,913,68,5,358.02,1790.1
2748,913,64,4,55.78,223.12
2749,913,69,5,337.69,1688.45
2750,914,69,2,337.69,675.38
2751,915,61,5,255.46,1277.3
2752,915,34,2,42.91,85.82
2753,915,26,5,394.39,1971.95
2754,916,52,3,25.25,75.75
2755,916,49,3,147,441
2756,917,72,2,55.86,111.72
2757,918,77,2,443.9,887.8
2758,918,66,4,146.96,587.84
2759,918,90,3,409.02,1227.06
2760,918,2,3,312.33,936.99
2761,919,45,1,400.54,400.54
2762,919,27,2,88.34,176.68
2763,919,67,5,100.16,500.8
2764,919,4,1,268.05,268.05
2765,919,30,2,368.75,737.5
2766,920,11,3,256.57,769.71
2767,920,42,5,191.33,956.65
2768,921,100,5,378.35,1891.75
2769,921,46,1,228.95,228.95
2770,921,48,2,131.55,263.1
2771,922,25,1,357.67,357.67
2772,922,87,4,490.81,1963.24
2773,922,97,1,426.68,426.68
2774,923,47,3,141.86,425.58
2775,923,60,2,421.43,842.86
2776,923,42,5,191.33,956.65
2777,923,68,1,358.02,358.02
2778,923,2,3,312.33,936.99
2779,924,92,5,190.19,950.95
2780,924,55,1,51.24,51.24
2781,925,10,2,319.9,639.8
2782,925,11,2,256.57,513.14
2783,925,39,2,219.73,439.46
2784,925,69,4,337.69,1350.76
2785,926,47,5,141.86,709.3
2786,926,76,5,19.77,98.85
2787,927,96,2,448.7,897.4
2788,927,25,2,357.67,715.34
2789,927,51,1,402.95,402.95
2790,927,93,5,483.5,2417.5
2791,928,2,1,312.33,312.33
2792,929,71,3,187.86,563.58
2793,929,30,3,368.75,1106.25
2794,929,36,5,99.41,497.05
2795,929,92,5,190.19,950.95
2796,930,3,1,364.18,364.18
2797,930,45,4,400.54,1602.16
2798,930,36,2,99.41,198.82
2799,930,6,2,141.25,282.5
2800,931,40,1,110.47,110.47
2801,931,97,1,426.68,426.68
2802,931,29,4,105.64,422.56
2803,931,4,4,268.05,1072.2
2804,932,21,4,100.78,403.12
2805,933,51,3,402.95,1208.85
2806,934,97,1,426.68,426.68
2807,934,83,1,221.74,221.74
2808,934,7,3,48.47,145.41
2809,935,50,3,120.6,361.8
2810,935,51,2,402.95,805.9
2811,935,46,4,228.95,915.8
2812,935,75,5,154.64,773.2
2813,936,65,1,16.77,16.77
2814,936,89,4,10.32,41.28
2815,936,9,3,425.88,1277.64
2816,936,40,4,110.47,441.88
2817,936,2,1,312.33,312.33
2818,937,87,4,490.81,1963.24
2819,937,85,1,106.64,106.64
2820,937,38,4,240.22,960.88
2821,937,81,4,398.83,1595.32
2822,938,67,4,100.16,400.64
2823,938,21,2,100.78,201.56
2824,938,73,3,62.76,188.28
2825,938,74,2,403.75,807.5
2826,938,79,4,399.16,1596.64
2827,939,83,4,221.74,886.96
2828,939,49,4,147,588
2829,939,46,1,228.95,228.95
2830,939,29,2,105.64,211.28
2831,940,61,1,255.46,255.46
2832,940,6,1,141.25,141.25
2833,941,44,4,47.57,190.28
2834,941,56,3,295.16,885.48
2835,941,78,1,413,413
2836,941,44,4,47.57,190.28
2837,941,84,3,111.97,335.91
2838,942,93,4,483.5,1934
2839,942,90,3,409.02,1227.06
2840,942,37,4,217.5,870
2841,942,7,2,48.47,96.94
2842,943,40,1,110.47,110.47
2843,943,22,2,76.41,152.82
2844,944,58,4,428.11,1712.44
2845,944,48,5,131.55,657.75
2846,944,71,3,187.86,563.58
2847,944,62,3,47.71,143.13
2848,944,56,1,295.16,295.16
2849,945,59,5,333.21,1666.05
2850,945,4,3,268.05,804.15
2851,945,36,3,99.41,298.23
2852,945,47,2,141.86,283.72
2853,945,39,2,219.73,439.46
2854,946,64,4,55.78,223.12
2855,946,57,2,499.14,998.28
2856,947,100,3,378.35,1135.05
2857,947,97,4,426.68,1706.72
2858,947,25,2,357.67,715.34
2859,947,75,1,154.64,154.64
2860,948,9,1,425.88,425.88
2861,948,78,2,413,826
2862,949,51,5,402.95,2014.75
2863,950,23,3,183.93,551.79
2864,950,45,2,400.54,801.08
2865,950,96,1,448.7,448.7
2866,950,89,1,10.32,10.32
2867,951,51,1,402.95,402.95
2868,951,74,4,403.75,1615
2869,951,17,4,202.61,810.44
2870,952,93,4,483.5,1934
2871,952,16,2,228.13,456.26
2872,952,8,3,150.19,450.57
2873,953,66,2,146.96,293.92
2874,953,29,1,105.64,105.64
2875,953,8,3,150.19,450.57
2876,953,59,5,333.21,1666.05
2877,953,51,4,402.95,1611.8
2878,954,66,4,146.96,587.84
2879,954,3,4,364.18,1456.72
2880,954,18,5,52.81,264.05
2881,955,64,4,55.78,223.12
2882,956,86,5,494.63,2473.15
2883,956,14,4,240.71,962.84
2884,956,41,2,454.67,909.34
2885,956,39,1,219.73,219.73
2886,957,37,5,217.5,1087.5
2887,957,59,2,333.21,666.42
2888,957,20,1,416.98,416.98
2889,957,36,3,99.41,298.23
2890,957,86,1,494.63,494.63
2891,958,80,1,45.91,45.91
2892,959,29,2,105.64,211.28
2893,959,81,2,398.83,797.66
2894,959,36,1,99.41,99.41
2895,959,22,1,76.41,76.41
2896,960,32,2,483.77,967.54
2897,960,74,4,403.75,1615
2898,960,75,5,154.64,773.2
2899,960,84,1,111.97,111.97
2900,961,85,4,106.64,426.56
2901,961,5,3,385.93,1157.79
2902,961,3,1,364.18,364.18
2903,961,92,3,190.19,570.57
2904,961,39,5,219.73,1098.65
2905,962,78,5,413,2065
2906,962,81,4,398.83,1595.32
2907,962,26,2,394.39,788.78
2908,962,74,4,403.75,1615
2909,962,56,1,295.16,295.16
2910,963,94,3,19.69,59.07
2911,963,96,1,448.7,448.7
2912,963,100,1,378.35,378.35
2913,964,100,2,378.35,756.7
2914,964,6,5,141.25,706.25
2915,964,56,3,295.16,885.48
2916,964,32,2,483.77,967.54
2917,964,22,1,76.41,76.41
2918,965,72,5,55.86,279.3
2919,965,16,5,228.13,1140.65
2920,965,34,5,42.91,214.55
2921,966,79,4,399.16,1596.64
2922,966,10,3,319.9,959.7
2923,966,30,3,368.75,1106.25
2924,966,23,1,183.93,183.93
2925,967,42,5,191.33,956.65
2926,967,42,2,191.33,382.66
2927,967,16,3,228.13,684.39
2928,967,82,5,37.13,185.65
2929,968,63,1,354.62,354.62
2930,969,79,4,399.16,1596.64
2931,969,4,3,268.05,804.15
2932,970,82,5,37.13,185.65
2933,970,51,5,402.95,2014.75
2934,970,11,1,256.57,256.57
2935,970,94,1,19.69,19.69
2936,970,85,1,106.64,106.64
2937,971,99,1,499.53,499.53
2938,971,44,2,47.57,95.14
2939,971,56,3,295.16,885.48
2940,972,61,4,255.46,1021.84
2941,972,73,5,62.76,313.8
2942,973,44,3,47.57,142.71
2943,974,99,2,499.53,999.06
2944,974,92,3,190.19,570.57
2945,974,91,2,477.57,955.14
2946,974,69,2,337.69,675.38
2947,975,22,3,76.41,229.23
2948,975,31,4,471.46,1885.84
2949,975,99,4,499.53,1998.12
2950,976,9,4,425.88,1703.52
2951,977,57,2,499.14,998.28
2952,977,93,2,483.5,967
2953,977,100,3,378.35,1135.05
2954,977,40,5,110.47,552.35
2955,978,19,2,369.83,739.66
2956,978,67,1,100.16,100.16
2957,978,23,2,183.93,367.86
2958,978,23,1,183.93,183.93
2959,979,49,1,147,147
2960,979,94,5,19.69,98.45
2961,979,67,4,100.16,400.64
2962,980,4,3,268.05,804.15
2963,981,96,2,448.7,897.4
2964,981,26,2,394.39,788.78
2965,981,84,4,111.97,447.88
2966,981,22,3,76.41,229.23
2967,981,34,5,42.91,214.55
2968,982,41,4,454.67,1818.68
2969,982,82,2,37.13,74.26
2970,982,12,1,30.92,30.92
2971,983,95,3,410.86,1232.58
2972,983,28,5,247.58,1237.9
2973,984,61,5,255.46,1277.3
2974,984,36,3,99.41,298.23
2975,984,46,4,228.95,915.8
2976,984,62,1,47.71,47.71
2977,984,64,4,55.78,223.12
2978,985,88,3,217.23,651.69
2979,985,40,5,110.47,552.35
2980,985,44,1,47.57,47.57
2981,986,49,2,147,294
2982,986,100,3,378.35,1135.05
2983,986,86,5,494.63,2473.15
2984,986,4,4,268.05,1072.2
2985,987,39,3,219.73,659.19
2986,987,28,1,247.58,247.58
2987,987,35,2,381.12,762.24
2988,987,83,5,221.74,1108.7
2989,988,74,5,403.75,2018.75
2990,989,38,1,240.22,240.22
2991,989,84,4,111.97,447.88
2992,989,36,1,99.41,99.41
2993,989,74,2,403.75,807.5
2994,989,30,3,368.75,1106.25
2995,990,44,3,47.57,142.71
2996,991,67,1,100.16,100.16
2997,991,82,1,37.13,37.13
2998,992,21,2,100.78,201.56
2999,992,84,2,111.97,223.94
3000,992,20,2,416.98,833.96
3001,992,38,4,240.22,960.88
3002,992,19,5,369.83,1849.15
3003,993,61,3,255.46,766.38
3004,993,90,5,409.02,2045.1
3005,993,36,1,99.41,99.41
3006,994,64,3,55.78,167.34
3007,994,3,2,364.18,728.36
3008,994,72,5,55.86,279.3
3009,994,3,3,364.18,1092.54
3010,994,21,3,100.78,302.34
3011,995,4,4,268.05,1072.2
3012,995,86,3,494.63,1483.89
3013,996,89,3,10.32,30.96
3014,997,75,2,154.64,309.28
3015,997,92,5,190.19,950.95
3016,997,20,2,416.98,833.96
3017,997,77,5,443.9,2219.5
3018,998,59,3,333.21,999.63
3019,999,21,5,100.78,503.9
3020,999,14,5,240.71,1203.55
3021,1000,33,1,253.44,253.44
3022,1000,24,4,58.3,233.2
3023,1000,25,2,357.67,715.34
3024,1000,52,3,25.25,75.75